words,sentiment_coeff
fair,0.0
le,0.0
tout,0.0
franc,0.0
plus,0.0
aller,0.0
vous,0.0
russ,0.0
guerr,0.0
fran,0.0
pouvoir,0.0
et,0.0
ce,0.0
europ,0.0
pr,0.0
sident,0.0
pay,0.0
visag,2.8178407597944357
ai,0.0
dir,0.0
droit,0.0
comm,0.0
ukrain,0.0
tre,0.0
pour,0.0
macron,0.0
bien,0.0
il,0.0
vouloir,0.0
si,0.0
rien,0.0
peupl,0.0
falloir,0.0
en,0.0
non,0.0
voir,0.0
on,0.0
devoir,0.0
quand,0.0
contr,0.0
parl,0.0
mond,0.0
autr,0.0
arr,0.0
sol,1.7214223639583803
prendr,0.0
merc,0.0
re,0.0
tu,0.0
bon,0.0
mettr,0.0
occup,0.0
san,0.0
auss,0.0
monsieur,0.0
un,0.0
encor,0.0
quoi,0.0
larm,1.4379617104406737
alor,0.0
savoir,0.0
je,0.0
femm,0.0
pens,0.0
depuis,0.0
vrai,0.0
avort,0.0
an,0.0
poutin,0.0
part,0.0
pass,0.0
ter,0.0
r,0.0
quel,0.0
int,0.0
cel,0.0
person,0.0
tr,0.0
pourquoi,0.0
celui,0.0
donc,0.0
tat,0.0
gagn,0.0
toujour,0.0
mais,0.0
seul,0.0
respect,0.0
avoir,0.0
ukrainien,0.0
temp,0.0
agir,0.0
otan,0.0
libert,0.0
con,0.0
ver,0.0
gouvern,0.0
vi,0.0
fait,0.0
don,0.0
grand,0.0
polit,0.0
ue,0.0
de,0.0
aucun,0.0
paix,0.0
charbon,0.0
arme,0.0
fin,0.0
oui,0.0
nous,0.0
jam,0.0
avant,0.0
riantroul,1.6383543102032334
am,0.0
sanction,0.0
mr,0.0
ais,0.0
pet,0.0
tair,0.0
central,0.0
joievisag,1.4199742047009345
vot,0.0
jour,0.0
chos,0.0
ni,0.0
accord,0.0
demand,0.0
hont,0.0
enfant,0.0
rest,0.0
comment,0.0
ven,0.0
car,0.0
continu,0.0
roul,2.215586048764895
lir,0.0
ricain,0.0
usa,0.0
cision,0.0
mainten,0.0
peu,0.0
croir,0.0
pend,0.0
homm,0.0
caus,0.0
laiss,0.0
gen,0.0
cr,0.0
apr,0.0
ferm,0.0
manu,0.0
fondamental,0.0
votr,0.0
foutr,0.0
que,0.0
probl,0.0
moin,0.0
mieux,0.0
surtout,0.0
prix,0.0
just,0.0
leur,0.0
public,0.0
mot,0.0
mal,0.0
pai,0.0
oeil,4.123911944402375
attendr,0.0
fois,0.0
bla,0.0
cout,0.0
mission,0.0
sent,0.0
vaccin,0.0
regard,0.0
joi,1.6374620101958504
perdr,0.0
arriv,0.0
bas,0.0
commenc,0.0
sort,0.0
rer,0.0
compt,0.0
main,0.0
mort,0.0
lieu,0.0
nouveau,0.0
pauvr,0.0
lui,0.0
point,0.0
moyen,0.0
mondial,0.0
rn,0.0
trop,0.0
quelqu,0.0
beaucoup,0.0
cher,0.0
comprendr,0.0
nerg,0.0
ministr,0.0
air,0.0
sous,0.0
fac,0.0
import,0.0
terror,0.0
coup,0.0
merd,0.0
cur,0.0
tweet,0.0
v,0.0
entre,0.0
plac,0.0
port,0.0
gal,0.0
parc,0.0
pleuvoir,0.0
clair,0.0
tel,0.0
souten,0.0
sourir,2.5440260884790447
histoir,0.0
dont,0.0
er,0.0
certain,0.0
centr,0.0
tant,0.0
vit,0.0
chang,0.0
cour,0.0
jou,0.0
clown,1.8753323474365236
mois,0.0
rit,0.0
bouch,2.5014559875253237
aid,0.0
constitu,0.0
sinon,0.0
serv,0.0
choix,0.0
pas,0.0
march,0.0
prot,0.0
esp,0.0
unis,0.0
afriqu,0.0
ri,2.056783694725695
conom,0.0
sign,0.0
chez,0.0
gaz,0.0
ah,0.0
t,0.0
deven,0.0
cid,0.0
mocrat,0.0
islam,0.0
deux,0.0
gueul,0.0
ment,0.0
trouv,0.0
loi,0.0
bravo,0.0
bombard,0.0
voitur,0.0
mensong,0.0
forc,0.0
fort,0.0
confl,0.0
par,0.0
commercial,0.0
corp,0.0
viol,0.0
augment,0.0
aim,0.0
gros,0.0
emmerd,0.0
remettr,0.0
être,0.0
ca,0.0
quenc,0.0
extr,0.0
no,0.0
fou,0.0
respons,0.0
au,0.0
aujourd,0.0
cas,0.0
union,0.0
qui,0.0
ouvert,2.559897462130126
voil,0.0
biden,0.0
pir,0.0
ouvr,0.0
envoi,0.0
ann,0.0
raison,0.0
acte,0.0
co,0.0
nucl,0.0
battr,0.0
che,0.0
major,0.0
jusqu,0.0
ici,0.0
avec,0.0
dev,0.0
vivr,0.0
tait,0.0
hui,0.0
rir,2.504725965176887
question,0.0
plan,0.0
ami,0.0
propr,0.0
ral,0.0
clownvisag,1.204760092370468
compr,0.0
argent,0.0
haut,0.0
cris,0.0
mesur,0.0
popul,0.0
appel,0.0
climat,0.0
chaqu,0.0
bel,0.0
citoyen,0.0
fl,0.0
moment,0.0
carbon,0.0
besoin,0.0
ne,0.0
zelensky,0.0
tiqu,0.0
soutien,0.0
action,0.0
oubli,0.0
national,0.0
naz,0.0
accus,0.0
vid,0.0
refus,0.0
inflat,0.0
militair,0.0
dirig,0.0
gr,0.0
situat,0.0
ton,0.0
sen,0.0
civil,0.0
humain,0.0
boudeurvisag,0.0
sembl,0.0
programm,0.0
concern,0.0
rendr,0.0
cess,0.0
ger,0.0
avis,0.0
menac,0.0
crim,0.0
boudeur,0.0
histor,0.0
total,0.0
entendr,0.0
ailleur,0.0
international,0.0
minsk,0.0
cherch,0.0
ch,0.0
conner,0.0
montr,0.0
projet,0.0
parol,0.0
apprendr,0.0
id,0.0
plein,0.0
entrer,0.0
faut,0.0
sujet,0.0
ten,0.0
arm,0.0
agress,0.0
absolu,0.0
niveau,0.0
mon,0.0
premi,0.0
feu,0.0
million,0.0
manipul,0.0
dan,0.0
responsabil,0.0
engag,0.0
affair,0.0
aut,0.0
dur,0.0
etat,0.0
dialogu,0.0
solut,0.0
us,0.0
assembl,0.0
rappel,0.0
coeur,-1.7225446678623377
impos,0.0
vent,0.0
nation,0.0
covid,0.0
fendr,0.0
etc,0.0
train,0.0
marr,0.0
financ,0.0
rentr,0.0
permettr,0.0
occidental,0.0
col,0.0
fi,0.0
discour,0.0
pourt,0.0
but,0.0
travail,0.0
puis,0.0
ge,0.0
roug,0.0
simpl,0.0
front,0.0
faux,0.0
pen,0.0
essenc,0.0
victim,0.0
travaill,0.0
repr,0.0
notr,0.0
avanc,0.0
rieur,0.0
band,0.0
enfin,0.0
achat,0.0
vif,0.0
connaîtr,0.0
hypocrit,0.0
menteur,0.0
solidar,0.0
dieu,0.0
rement,0.0
attaqu,0.0
accept,0.0
men,0.0
alli,0.0
rdc,0.0
missil,0.0
manqu,0.0
souri,3.926659662298744
ordre,0.0
combien,0.0
propagand,0.0
courag,0.0
peur,0.0
yeux,0.0
vendr,0.0
messag,0.0
mour,0.0
turqu,0.0
inject,0.0
sauf,0.0
libr,0.0
exist,0.0
gar,0.0
trang,0.0
souhait,0.0
massacr,0.0
nom,0.0
social,0.0
terr,0.0
interdir,0.0
pouc,0.0
tir,0.0
effet,0.0
ci,0.0
contrair,0.0
attent,0.0
tax,0.0
mec,0.0
mauv,0.0
clin,0.0
emmanuel,0.0
ben,0.0
gislat,0.0
truir,0.0
tomb,0.0
soign,0.0
supr,0.0
meilleur,0.0
publicain,0.0
propos,0.0
diplomat,0.0
oblig,0.0
milliard,0.0
renc,0.0
conomiqu,0.0
lectriqu,0.0
chef,0.0
suivr,0.0
assez,0.0
gard,0.0
hauss,0.0
ve,0.0
lection,0.0
touch,0.0
inscrir,0.0
fa,0.0
chin,0.0
in,0.0
conseil,0.0
sub,0.0
ner,0.0
reven,0.0
sueur,2.537070267799603
human,0.0
corrompu,0.0
ains,0.0
ration,0.0
incomp,0.0
fonction,0.0
continent,0.0
condamn,0.0
essai,0.0
africain,0.0
bi,0.0
parking,0.0
dispos,0.0
possibl,0.0
uni,0.0
typ,0.0
enver,0.0
viv,0.0
valeur,0.0
ou,0.0
ivg,0.0
enti,0.0
gag,0.0
tement,0.0
beau,0.0
erreur,0.0
salair,0.0
sultat,0.0
president,0.0
criminel,0.0
opposit,0.0
ruin,0.0
brill,-1.2006194081881394
ensembl,0.0
masculin,0.0
chois,0.0
violenc,0.0
longtemp,0.0
sauv,0.0
utilis,0.0
d,0.0
toil,-1.2322024247553496
adh,0.0
go,0.0
ta,0.0
derr,0.0
famill,0.0
hein,0.0
expliqu,0.0
tez,0.0
lrem,0.0
oubl,0.0
ridicul,0.0
stop,0.0
provoqu,0.0
abord,0.0
hypocris,0.0
semain,0.0
com,0.0
sup,0.0
termin,0.0
allemagn,0.0
pot,0.0
trol,0.0
ress,0.0
rouvr,0.0
baiss,0.0
fil,0.0
ok,0.0
rendum,0.0
diff,0.0
form,0.0
svp,0.0
trait,0.0
valoir,0.0
pouss,0.0
prem,0.0
euro,0.0
priv,0.0
commentair,0.0
di,0.0
langu,0.0
prochain,0.0
cul,0.0
partag,0.0
rich,0.0
pondr,0.0
tap,0.0
violeur,0.0
annonc,0.0
preuv,0.0
pleur,0.0
genr,0.0
guignol,0.0
truit,0.0
heureux,0.0
amp,0.0
ru,0.0
partout,0.0
normal,0.0
veil,0.0
exempl,0.0
man,0.0
jug,0.0
hain,0.0
habitud,0.0
n,0.0
exprim,0.0
lorsqu,0.0
ind,0.0
grav,0.0
imp,0.0
risqu,0.0
dictateur,0.0
rwand,0.0
dign,0.0
pensantvisag,0.0
cach,0.0
chi,0.0
suffir,0.0
loin,0.0
ti,0.0
pris,0.0
sion,0.0
servic,0.0
carbur,0.0
clar,0.0
pos,0.0
confianc,0.0
retour,0.0
bonjour,0.0
tard,0.0
immigr,0.0
froid,3.5720792355480193
occident,0.0
pital,0.0
tourn,0.0
horreur,0.0
dern,0.0
insult,0.0
barrag,0.0
crois,0.0
retrait,0.0
sidenc,0.0
bouffon,0.0
alit,0.0
nul,0.0
dout,0.0
tenc,0.0
duir,0.0
barbar,0.0
dang,0.0
danger,0.0
malheur,0.0
malad,0.0
franch,0.0
vis,0.0
son,0.0
comprom,0.0
puissanc,0.0
final,0.0
sp,0.0
souffr,0.0
musulman,0.0
rapport,0.0
mat,0.0
derni,0.0
idiot,0.0
sal,0.0
lfi,0.0
lequel,0.0
commun,0.0
tendr,0.0
fr,0.0
blanc,0.0
mandat,0.0
quinquennat,0.0
explos,0.0
usin,0.0
fourn,0.0
vu,0.0
justic,0.0
mdr,0.0
jeu,0.0
tour,0.0
catastroph,0.0
rieux,0.0
suit,0.0
det,0.0
joyeux,0.0
min,0.0
gt,0.0
exp,0.0
allez,0.0
frapp,0.0
urgenc,0.0
boug,0.0
bil,0.0
object,0.0
vapeur,0.0
gitim,0.0
joindr,0.0
anglais,0.0
assum,0.0
ur,0.0
brigitt,0.0
tabl,0.0
nez,0.0
jupit,0.0
livr,0.0
mang,0.0
appliqu,0.0
achet,0.0
alimentair,0.0
soumettr,0.0
dommag,0.0
pollu,0.0
voix,0.0
stupid,0.0
pied,0.0
facil,0.0
retourn,0.0
tien,0.0
direct,0.0
pons,0.0
anti,0.0
membr,0.0
sang,0.0
lectric,0.0
dessus,0.0
emp,0.0
consid,0.0
fonc,0.0
post,0.0
croi,0.0
territoir,0.0
puisqu,0.0
innocent,0.0
not,0.0
gauch,0.0
silenc,0.0
sant,0.0
assassin,0.0
uniqu,0.0
intelligent,0.0
moqu,0.0
vaccinal,0.0
test,0.0
quitt,0.0
riqu,0.0
pourr,0.0
mont,0.0
inutil,0.0
personnel,0.0
nup,0.0
meurtr,0.0
vieux,0.0
hor,0.0
mod,0.0
donbass,0.0
jet,0.0
long,0.0
corrupt,0.0
term,0.0
compl,0.0
photo,0.0
cass,0.0
bomb,0.0
group,0.0
posit,0.0
blabl,0.0
lu,0.0
pein,0.0
strat,0.0
roi,0.0
produir,0.0
nomm,0.0
limit,0.0
fond,0.0
noir,0.0
path,0.0
envi,0.0
vir,0.0
organis,0.0
assur,0.0
bout,0.0
ete,0.0
faim,0.0
communaut,0.0
rang,0.0
oh,0.0
bah,0.0
hiv,0.0
acc,0.0
actuel,0.0
court,0.0
heur,0.0
tais,0.0
imag,0.0
soir,0.0
poudr,0.0
victoir,0.0
milli,0.0
hicul,0.0
clarat,0.0
twitt,0.0
sanitair,0.0
munit,0.0
plusieur,0.0
erdogan,0.0
entrain,0.0
sc,0.0
invers,0.0
incap,0.0
retrouv,0.0
inform,0.0
lor,0.0
complic,0.0
lib,0.0
truc,0.0
sidentiel,0.0
canon,0.0
souverain,0.0
souverainet,0.0
masqu,0.0
vol,0.0
text,0.0
dos,0.0
perturb,0.0
moral,0.0
arret,0.0
jeun,0.0
nau,-1.4288292209986335
lol,0.0
ler,0.0
proch,0.0
nur,0.0
selon,0.0
candidat,0.0
discut,0.0
excellent,0.0
ignor,0.0
lev,0.0
kurd,0.0
ennem,0.0
phras,0.0
moi,0.0
racont,0.0
nombreux,0.0
imagin,0.0
impact,0.0
prior,0.0
pareil,0.0
prof,0.0
ant,0.0
supprim,0.0
dent,0.0
produit,0.0
chacun,0.0
blagu,0.0
boussol,0.0
facepalmerteint,0.0
huil,0.0
destruct,0.0
em,0.0
putin,0.0
afin,0.0
support,0.0
bafou,0.0
trois,0.0
doubl,0.0
aven,0.0
ro,0.0
oppos,0.0
irrespons,0.0
futur,0.0
br,0.0
cil,0.0
est,0.0
copain,0.0
boulot,0.0
coupabl,-3.238532039796485
gaull,0.0
soi,0.0
util,0.0
vou,0.0
syst,0.0
user,0.0
dit,0.0
rimental,0.0
dictatur,0.0
hi,0.0
chanc,0.0
imb,0.0
taient,0.0
bordel,0.0
consult,0.0
hurl,-1.2885290343384108
pi,0.0
pantin,0.0
tent,0.0
consomm,0.0
licit,0.0
indign,0.0
qu,0.0
lecteur,0.0
minin,0.0
effort,0.0
congo,0.0
souven,0.0
ing,0.0
ouvertur,0.0
contribu,0.0
critiqu,0.0
putain,0.0
toi,0.0
trist,0.0
sacr,0.0
lutt,0.0
apport,0.0
index,0.0
neutral,0.0
conscienc,0.0
lit,0.0
honteux,0.0
rout,0.0
bizarr,0.0
lanc,0.0
dehor,0.0
armement,0.0
unir,0.0
rend,0.0
demain,0.0
marionnet,0.0
sur,0.0
eu,0.0
coul,0.0
schist,0.0
religion,0.0
gi,0.0
promess,0.0
paris,0.0
sexuel,0.0
plais,0.0
reprendr,0.0
fessenheim,0.0
class,0.0
collect,0.0
ex,0.0
chec,0.0
gim,0.0
remerci,0.0
rejet,0.0
vladim,0.0
capabl,0.0
th,0.0
volont,0.0
arrang,0.0
paul,0.0
tranquill,0.0
ball,0.0
inqui,0.0
dr,0.0
stopp,0.0
aliment,0.0
amour,0.0
install,0.0
clench,0.0
ha,0.0
barr,0.0
atteindr,0.0
quilibr,0.0
allemand,0.0
mocratiqu,0.0
gu,0.0
prouv,0.0
visibl,0.0
neutr,0.0
tis,0.0
decin,0.0
stabil,0.0
cac,0.0
humili,0.0
macronnousprendpourdescon,0.0
the,0.0
effondr,0.0
der,0.0
charg,0.0
colog,0.0
arab,0.0
vision,0.0
dup,0.0
bref,0.0
effect,0.0
tra,0.0
poid,0.0
darmanin,0.0
obten,0.0
os,0.0
norv,0.0
fatigu,0.0
particip,0.0
camp,0.0
do,0.0
bloqu,0.0
nocid,0.0
product,0.0
congol,0.0
nombr,0.0
exclam,0.0
ensuit,0.0
el,0.0
impress,0.0
born,0.0
crit,0.0
pert,0.0
ras,0.0
allianc,0.0
proposit,0.0
na,0.0
voi,0.0
stad,0.0
pro,0.0
minabl,0.0
boss,0.0
saint,0.0
fol,0.0
japon,0.0
incend,0.0
fill,0.0
info,0.0
conduir,0.0
rapid,0.0
quotidien,0.0
rigol,0.0
cen,0.0
combat,0.0
per,0.0
malgr,0.0
abad,0.0
envah,0.0
vident,0.0
finit,0.0
pompi,0.0
amus,0.0
dix,0.0
kiev,0.0
couvr,0.0
facepalm,0.0
frex,0.0
gestion,0.0
couill,0.0
larg,0.0
connard,0.0
envoy,0.0
fens,0.0
hon,0.0
habit,0.0
bras,0.0
terrorism,0.0
tt,0.0
velopp,0.0
tin,0.0
mar,0.0
faibl,0.0
eau,0.0
marin,0.0
op,0.0
johnson,0.0
profond,0.0
zon,0.0
stabilis,0.0
souriantsvisag,3.1318702924019806
second,0.0
pratiqu,0.0
enrich,0.0
dingu,0.0
champ,0.0
drapeau,0.0
riantvisag,5.915807104380067
irak,0.0
comp,0.0
regret,0.0
soc,0.0
laquestiondelaur,0.0
corrompr,0.0
uvre,0.0
juin,0.0
for,0.0
ouai,0.0
manifest,0.0
gler,0.0
accueil,0.0
urgent,0.0
minimum,0.0
suspendr,0.0
profit,0.0
activ,0.0
autour,0.0
incroi,0.0
nourr,0.0
contracept,0.0
terrain,0.0
etre,0.0
bilan,0.0
gentil,0.0
emploi,0.0
fich,0.0
appr,0.0
calm,0.0
lourd,0.0
vill,0.0
goci,0.0
norm,0.0
autoris,0.0
parent,0.0
rever,0.0
satan,0.0
pla,0.0
apparent,0.0
ciel,0.0
su,0.0
chauff,0.0
grossess,0.0
ressembl,0.0
jo,0.0
interven,0.0
mur,0.0
crir,0.0
invas,0.0
crev,0.0
fak,0.0
esprit,0.0
litr,0.0
soldat,0.0
progr,0.0
bord,0.0
chinois,0.0
constat,0.0
genoux,0.0
presqu,0.0
smic,0.0
jaun,0.0
souc,0.0
rejoindr,0.0
pseudo,0.0
pit,0.0
quant,0.0
statut,0.0
comport,0.0
recul,0.0
champion,0.0
supermarch,0.0
majeur,0.0
blablabl,0.0
rabl,0.0
oser,0.0
traduct,0.0
recon,0.0
nag,0.0
mental,0.0
polic,0.0
roubl,0.0
relat,0.0
eh,0.0
opinion,0.0
sum,-3.2554315090571047
tjr,0.0
attentat,0.0
officiel,0.0
propo,0.0
sir,0.0
psychopath,0.0
st,0.0
appauvr,0.0
ill,0.0
combattr,0.0
inde,0.0
marqu,0.0
chaos,0.0
cessair,0.0
mer,0.0
sourc,0.0
rieus,0.0
se,0.0
entr,0.0
nerv,0.0
enlev,0.0
autor,0.0
acteur,0.0
nezvisag,0.0
gamin,0.0
tac,-1.6856599060043793
new,0.0
moldav,0.0
pitoi,0.0
condit,0.0
bris,0.0
confirm,0.0
tic,-1.6552255284397142
offrir,0.0
fn,0.0
syr,0.0
froidesvisag,2.723924147015281
enceint,0.0
minist,0.0
chut,0.0
zelinsky,0.0
ussi,0.0
princip,0.0
nord,0.0
macrondemiss,0.0
transform,0.0
maman,0.0
bcp,0.0
lign,0.0
protect,0.0
chemin,0.0
promettr,0.0
efficac,0.0
ursul,0.0
pendanc,0.0
fascist,0.0
cin,0.0
pollut,0.0
traver,0.0
bouff,0.0
mafieux,0.0
concentr,0.0
pardon,0.0
renforc,0.0
grer,0.0
dis,0.0
terribl,0.0
gociat,0.0
aveugl,0.0
abrut,0.0
pression,0.0
douleur,0.0
express,0.0
frais,0.0
obligatoir,0.0
exact,0.0
enfer,0.0
ressourc,0.0
invest,0.0
liby,0.0
stp,0.0
arrog,0.0
amen,0.0
bidon,0.0
stock,0.0
affaibl,0.0
prison,0.0
sommet,0.0
tromp,0.0
cart,0.0
institu,0.0
ob,0.0
politicien,0.0
branl,0.0
abandon,0.0
oeuvr,0.0
pomp,0.0
gle,0.0
mac,0.0
cours,0.0
divis,0.0
pap,0.0
excus,0.0
mis,0.0
sombr,0.0
ose,0.0
migr,0.0
lunet,0.0
cologiqu,0.0
vom,0.0
vacanc,0.0
baspouc,0.0
gilet,0.0
logiqu,0.0
sacrifi,0.0
entrepris,0.0
organ,0.0
soin,0.0
difficil,0.0
costum,-1.4399056038731128
cup,0.0
zelensk,0.0
char,0.0
poch,0.0
mem,0.0
ducat,0.0
puiss,0.0
paulesteint,0.0
dorm,0.0
cec,0.0
palestin,0.0
allong,0.0
cial,0.0
inact,0.0
racaill,0.0
rez,0.0
revoir,0.0
cam,0.0
fabriqu,0.0
cliqu,0.0
tri,0.0
naturel,0.0
capital,0.0
creux,0.0
jean,0.0
cle,0.0
lr,0.0
cis,0.0
it,0.0
gueux,0.0
truis,0.0
ultra,0.0
collabor,0.0
patron,0.0
ancien,0.0
soleil,0.0
is,0.0
problem,0.0
chaud,0.0
sit,0.0
embargo,0.0
principal,0.0
entreten,0.0
caesar,0.0
dat,0.0
associ,0.0
journ,0.0
toutou,0.0
rempl,0.0
bott,0.0
domin,0.0
turc,0.0
reten,0.0
enseign,0.0
om,0.0
pler,0.0
sinform,0.0
peut,0.0
chant,0.0
content,0.0
facho,0.0
voleur,0.0
origin,0.0
rent,0.0
fic,0.0
alban,0.0
dibl,0.0
avion,0.0
ely,0.0
rat,0.0
caf,0.0
occas,0.0
nement,0.0
industr,0.0
cool,0.0
trump,0.0
palestinien,0.0
lament,0.0
consensus,0.0
convaincr,0.0
instant,0.0
olog,0.0
restrict,0.0
ellement,0.0
garant,0.0
impliqu,0.0
gvt,0.0
ach,0.0
compliqu,0.0
gif,0.0
instaur,0.0
suffis,0.0
diminu,0.0
recherch,0.0
quip,0.0
cacat,-1.145487144503925
capac,0.0
oslo,0.0
finland,0.0
cultur,0.0
sein,0.0
saoudit,0.0
vest,0.0
sorm,0.0
remplac,0.0
diat,0.0
relanc,0.0
mozart,0.0
invit,0.0
log,0.0
maison,0.0
balai,0.0
jol,0.0
scandal,0.0
lead,0.0
souffl,0.0
taux,0.0
bois,0.0
rapproch,0.0
concept,0.0
connaiss,0.0
ritabl,0.0
jointesteint,0.0
distribu,0.0
isra,0.0
coh,0.0
gorg,0.0
moutard,0.0
art,0.0
sinc,0.0
pur,0.0
trou,0.0
foi,0.0
enne,0.0
or,0.0
dej,0.0
suicid,0.0
bl,0.0
bateau,0.0
centain,0.0
comprend,0.0
concr,0.0
press,0.0
magiqu,0.0
boir,0.0
bienvenu,0.0
cerveau,0.0
applaud,0.0
parfois,0.0
thod,0.0
agend,0.0
and,0.0
quid,0.0
imm,0.0
transport,0.0
auto,0.0
remarqu,0.0
passag,0.0
provoc,0.0
perver,0.0
journal,0.0
nuit,0.0
agresseur,0.0
construct,0.0
armer,0.0
joieroul,6.720017983766412
macrondegag,0.0
pognon,0.0
kagam,0.0
hitl,0.0
cent,0.0
ego,0.0
prim,0.0
justifi,0.0
moir,0.0
conserv,0.0
correct,0.0
narciss,0.0
euxvisag,-1.2741213692305422
gien,0.0
mi,0.0
afghanistan,0.0
apparten,0.0
thermiqu,0.0
circul,0.0
brex,0.0
peurvisag,-1.247561003961881
escroc,0.0
vri,0.0
asseoir,0.0
tas,0.0
clat,0.0
all,0.0
fum,0.0
opportun,0.0
publiqu,0.0
put,0.0
dical,0.0
dram,0.0
mckinsey,0.0
client,0.0
issu,0.0
ramen,0.0
las,0.0
triment,0.0
reconnaîtr,0.0
dedan,0.0
bais,0.0
ya,0.0
destructeur,0.0
encourag,0.0
progress,0.0
construir,0.0
ation,0.0
parat,0.0
commettr,0.0
bataill,0.0
solidair,0.0
trav,0.0
famin,0.0
trinqu,0.0
mag,0.0
abus,0.0
voisin,0.0
mu,0.0
cert,0.0
brass,0.0
ajout,0.0
pri,0.0
parlementair,0.0
command,0.0
schwab,0.0
pologn,0.0
giqu,0.0
richess,0.0
couch,0.0
cinq,0.0
empir,0.0
adress,0.0
minut,0.0
p,0.0
agit,0.0
ressent,0.0
top,0.0
mafi,0.0
lum,0.0
tocard,0.0
souffranc,0.0
rev,0.0
roulantsvisag,0.0
cont,0.0
handicap,0.0
envisag,0.0
impossibl,0.0
plupart,0.0
naissanc,0.0
durabl,0.0
permanent,0.0
environ,0.0
pyroman,0.0
plong,0.0
parm,0.0
affirm,0.0
rassembl,0.0
insupport,0.0
ultimatum,0.0
commiss,0.0
global,0.0
holland,0.0
gervais,0.0
fermetur,0.0
souriantvisag,0.0
volontair,0.0
culat,0.0
passvaccinal,0.0
liberticid,0.0
gasoil,0.0
figur,0.0
cirqu,0.0
chr,0.0
juillet,0.0
remment,0.0
exploit,0.0
avantag,0.0
mass,0.0
vert,0.0
avold,0.0
vic,0.0
assassinat,0.0
soit,0.0
doigt,0.0
campagn,0.0
honneur,0.0
attis,0.0
difficult,0.0
inconscient,0.0
exig,0.0
jointesmain,0.0
tud,0.0
maroc,0.0
sastr,0.0
chir,0.0
cibl,0.0
bric,0.0
onu,0.0
hautteint,0.0
fais,0.0
parf,0.0
horribl,0.0
encul,0.0
arri,0.0
meurtri,0.0
sav,0.0
loup,0.0
discuss,0.0
contraindr,0.0
bral,0.0
mist,0.0
hu,0.0
travers,0.0
trah,0.0
pill,0.0
soumiss,0.0
consent,0.0
diabl,0.0
viand,0.0
renvoi,0.0
lectoral,0.0
batter,0.0
caution,0.0
riel,0.0
te,0.0
cit,0.0
traduir,0.0
volut,0.0
souci,0.0
gav,0.0
ly,0.0
dibil,0.0
traitr,0.0
coll,0.0
balanc,0.0
fameux,0.0
poqu,0.0
compass,0.0
colon,0.0
influenc,0.0
strict,0.0
intervent,0.0
siffl,0.0
you,0.0
baltringu,0.0
cri,0.0
soudr,0.0
fen,0.0
pfiz,0.0
satisfair,0.0
profil,0.0
qd,0.0
bonhomm,0.0
mair,0.0
machin,0.0
revenu,0.0
humil,0.0
espagn,0.0
rel,0.0
rassur,0.0
avril,0.0
ance,0.0
suc,0.0
particuli,0.0
sdf,0.0
croul,0.0
align,0.0
renseign,0.0
of,0.0
essentiel,0.0
trahison,0.0
fuir,0.0
massif,0.0
magouill,0.0
possibil,0.0
souvent,0.0
allum,0.0
hey,0.0
export,0.0
interrog,0.0
michel,0.0
larbin,0.0
intent,0.0
valid,0.0
matiqu,0.0
absurd,0.0
troup,0.0
playmobil,0.0
symbol,0.0
bicep,0.0
kilometr,0.0
lobby,0.0
cordial,0.0
escalad,0.0
bient,0.0
grain,0.0
constitutionnel,0.0
ignomin,0.0
migratoir,0.0
ret,0.0
euh,0.0
malin,0.0
brui,0.0
nou,0.0
complex,0.0
nan,0.0
sach,0.0
gel,0.0
racist,0.0
nonc,0.0
dombass,0.0
princ,0.0
culot,0.0
russophon,0.0
voqu,0.0
signifi,0.0
voyag,0.0
minor,0.0
atteint,0.0
goss,0.0
monstr,-3.2639779346667046
olien,0.0
dien,0.0
magasin,0.0
billet,0.0
davos,0.0
avou,0.0
dam,0.0
dossi,0.0
langag,0.0
bruxel,0.0
ext,0.0
bor,0.0
tension,0.0
violat,0.0
abri,0.0
ussit,0.0
vaincr,0.0
bol,0.0
local,0.0
coop,0.0
profiteur,0.0
chien,0.0
redon,0.0
rav,0.0
travailleur,0.0
format,0.0
von,0.0
violent,0.0
orient,0.0
ril,0.0
refair,0.0
pauvret,0.0
variabl,0.0
salut,0.0
financi,0.0
vach,0.0
voic,0.0
virus,0.0
souh,0.0
hauteur,0.0
dict,0.0
fiscal,0.0
banqui,0.0
chemis,0.0
tet,0.0
fossoyeur,0.0
attitud,0.0
abstent,0.0
tj,0.0
articl,0.0
calcul,0.0
moit,0.0
observ,0.0
fortun,0.0
tach,0.0
rembours,0.0
serr,0.0
ducon,0.0
royal,0.0
chis,0.0
concret,0.0
quas,0.0
vien,0.0
cornesvisag,1.7009232601512716
lien,0.0
phon,0.0
tier,0.0
renouvel,0.0
destitu,0.0
alis,0.0
cl,0.0
industriel,0.0
christ,0.0
faveur,0.0
asserv,0.0
aupr,0.0
flexion,0.0
approch,0.0
naus,0.0
serb,0.0
nato,0.0
papi,0.0
bleu,0.0
chauffag,0.0
restaur,0.0
nazism,0.0
mentair,0.0
retir,0.0
pitau,0.0
cembr,0.0
plair,0.0
alg,0.0
hab,0.0
ignobl,0.0
gration,0.0
enqu,0.0
approuv,0.0
pargn,0.0
assist,0.0
compromettr,0.0
policelum,-1.1688706332972576
enferm,0.0
recour,0.0
beal,0.0
perd,0.0
sud,0.0
enfonc,0.0
del,0.0
mme,0.0
emport,0.0
transit,0.0
esclav,0.0
ratio,0.0
nourritur,0.0
num,0.0
red,0.0
titr,0.0
teindr,0.0
qual,0.0
secret,0.0
rayon,0.0
null,0.0
descendr,0.0
ont,0.0
arc,0.0
admettr,0.0
crach,0.0
parcequ,0.0
edf,0.0
oligarqu,0.0
motion,0.0
pierr,0.0
bonheur,0.0
ventr,0.0
foutag,0.0
cest,0.0
list,0.0
nu,0.0
avez,0.0
natur,0.0
inscript,0.0
ouf,0.0
animal,0.0
budget,0.0
incarn,0.0
cession,0.0
tris,0.0
pacif,0.0
magnif,0.0
mai,0.0
gesticul,0.0
passdelahont,0.0
accompagn,0.0
seau,0.0
islamism,0.0
fer,0.0
me,0.0
limin,0.0
sac,0.0
homophob,0.0
ram,0.0
propag,0.0
nil,0.0
niqu,0.0
lez,0.0
interdict,0.0
individuel,0.0
fascism,0.0
partenair,0.0
merdi,0.0
ble,0.0
rallum,0.0
enjeu,0.0
li,0.0
ordon,0.0
timent,0.0
favor,0.0
tyran,0.0
riv,0.0
about,0.0
iran,0.0
decid,0.0
cet,0.0
hasard,0.0
anticip,0.0
bruyammentvisag,0.0
confort,0.0
individu,0.0
ren,0.0
colo,0.0
irr,0.0
orchestr,0.0
revanch,0.0
gest,0.0
chambr,0.0
pourvoir,0.0
fend,0.0
banqu,0.0
paiss,0.0
aggrav,0.0
domain,0.0
favoris,0.0
situ,0.0
compar,0.0
retard,0.0
respir,0.0
davantag,0.0
cut,0.0
endet,0.0
pdt,0.0
saffect,0.0
mouvoir,0.0
dispar,0.0
proc,0.0
sem,0.0
amourlettr,-1.3918446436720173
commerc,0.0
lis,0.0
chass,0.0
affectu,0.0
fout,0.0
rencontr,0.0
humanitair,0.0
intellectuel,0.0
job,0.0
compatriot,0.0
oignon,0.0
espoir,0.0
courb,0.0
chat,0.0
bonsoir,0.0
ador,0.0
mascarad,0.0
isol,0.0
pipeau,0.0
affich,0.0
vieil,0.0
fric,0.0
recevoir,0.0
mc,0.0
claqu,0.0
gion,0.0
moindr,0.0
ouest,0.0
coalit,0.0
ouais,0.0
mouv,0.0
renaiss,0.0
clandestin,0.0
inspir,0.0
film,0.0
personnag,0.0
hautpouc,0.0
confin,0.0
bless,0.0
drogu,0.0
monnai,0.0
affront,0.0
indic,0.0
wef,0.0
veux,0.0
mouton,0.0
immens,0.0
livraison,0.0
prolong,0.0
estim,0.0
piqu,0.0
met,0.0
rigolo,0.0
nuanc,0.0
adversair,0.0
adopt,0.0
administr,0.0
ressort,0.0
suppl,0.0
sais,0.0
qatar,0.0
rep,0.0
pli,0.0
oc,0.0
interpel,0.0
googl,0.0
kinsey,0.0
proven,0.0
compagn,0.0
gner,0.0
pand,0.0
endroit,0.0
cot,0.0
coch,0.0
racism,0.0
medi,0.0
dem,0.0
lyb,0.0
ros,0.0
voeu,0.0
amateur,0.0
poursuivr,0.0
fonctionnair,0.0
to,0.0
tronch,0.0
commen,0.0
tion,0.0
concitoyen,0.0
plut,0.0
coin,0.0
imposteur,0.0
panneau,0.0
dollar,0.0
soup,0.0
canad,0.0
cras,0.0
cercl,0.0
curitair,0.0
indiqu,0.0
legisl,0.0
compens,0.0
sarkozy,0.0
goc,0.0
orgueil,0.0
nuir,0.0
cha,0.0
marseil,0.0
voyou,0.0
incapac,0.0
probabl,0.0
net,0.0
plaindr,0.0
absenc,0.0
initi,0.0
andorr,0.0
dissolu,0.0
fess,0.0
destin,0.0
etait,0.0
enterr,0.0
micron,0.0
sauveur,0.0
donetsk,0.0
corn,0.0
abject,0.0
curieux,0.0
po,0.0
vast,0.0
chet,0.0
boycott,0.0
discrimin,0.0
injustic,0.0
kyiv,0.0
craindr,0.0
sentat,0.0
chapeau,0.0
flamb,0.0
bit,0.0
fraud,0.0
perp,0.0
gl,0.0
context,0.0
ridiculis,0.0
cran,0.0
mariag,0.0
pendr,0.0
tai,0.0
connect,0.0
matin,0.0
enfuir,2.0500338841777683
ordur,0.0
sag,0.0
dissoudr,0.0
empath,0.0
bouton,0.0
poing,0.0
rsa,0.0
pun,0.0
diocr,0.0
emmen,0.0
inept,0.0
soulag,0.0
complot,0.0
autonom,0.0
patient,0.0
contrat,0.0
sall,0.0
fuit,0.0
factur,0.0
approvision,0.0
colonis,0.0
cu,0.0
agricultur,0.0
pollueur,0.0
div,0.0
tor,0.0
rar,0.0
producteur,0.0
ternel,0.0
endorm,0.0
faill,0.0
toxiqu,0.0
macky,0.0
dall,0.0
abol,0.0
pectoral,0.0
fenseur,0.0
lepen,0.0
forest,0.0
guerri,0.0
asi,0.0
psycholog,0.0
bat,0.0
rou,0.0
sid,0.0
energ,0.0
conf,0.0
simon,0.0
intern,0.0
yougoslav,0.0
populair,0.0
bellig,0.0
mill,0.0
agiss,0.0
clam,0.0
fai,0.0
francophon,0.0
tartuff,0.0
hommag,0.0
pion,0.0
outr,0.0
ris,0.0
macrondestitu,0.0
cabinet,0.0
milliardair,0.0
promouvoir,0.0
planqu,0.0
attach,0.0
dizain,0.0
civilis,0.0
pari,0.0
poil,0.0
blocag,0.0
tudi,0.0
retr,0.0
privil,0.0
revendr,0.0
arnaqu,0.0
lement,0.0
huir,0.0
religi,0.0
chou,0.0
cathol,0.0
sport,0.0
apre,0.0
septembr,0.0
crapul,0.0
big,0.0
applaudirteint,0.0
couleur,0.0
stat,0.0
rugby,0.0
chiss,0.0
party,0.0
soros,0.0
arbre,0.0
lik,0.0
nial,0.0
taill,0.0
coco,0.0
tripot,0.0
injust,0.0
plat,0.0
cadr,0.0
professionnel,0.0
idem,0.0
madrid,0.0
nal,0.0
al,0.0
divin,0.0
habitu,0.0
personnal,0.0
auteur,0.0
ralism,0.0
jamb,0.0
kosovo,0.0
peau,0.0
inaccept,0.0
cf,0.0
ere,0.0
brochet,0.0
guis,0.0
entour,0.0
mytho,0.0
actual,0.0
rifi,0.0
allah,0.0
pinocchio,0.0
sien,0.0
rajout,0.0
examen,0.0
apl,0.0
basteint,0.0
embarqu,0.0
verr,0.0
ba,0.0
faillit,0.0
vassal,0.0
ramass,0.0
habituel,0.0
gay,0.0
technolog,0.0
modern,0.0
gouffr,0.0
mutil,0.0
candidatur,0.0
gloir,0.0
pactis,0.0
vax,0.0
patr,0.0
planch,0.0
inefficac,0.0
trac,0.0
baratin,0.0
quoiqu,0.0
milieu,0.0
moscou,0.0
plaint,0.0
universel,0.0
nettoi,0.0
ravag,0.0
structur,0.0
vagu,0.0
pk,0.0
surv,0.0
assembleenational,0.0
enfumag,0.0
postur,0.0
incit,0.0
alert,0.0
technocrat,0.0
quarti,0.0
linqu,0.0
chao,0.0
cadeau,0.0
galop,0.0
cyniqu,0.0
expr,0.0
touss,0.0
gratuit,0.0
surprendr,0.0
cadenc,0.0
opolitiqu,0.0
pol,0.0
boomerang,0.0
ussir,0.0
vlad,0.0
comiqu,0.0
inclur,0.0
atlant,0.0
heu,0.0
dilapid,0.0
veillon,0.0
carton,0.0
kremlin,0.0
la,0.0
tal,0.0
anglo,0.0
extrair,0.0
malhon,0.0
parad,0.0
divers,0.0
compromiss,0.0
coc,0.0
employ,0.0
gat,0.0
voeux,0.0
ad,0.0
couvert,0.0
debout,0.0
ir,0.0
yemen,0.0
prononc,0.0
pourritur,0.0
compos,0.0
radical,0.0
fondr,0.0
suppress,0.0
cesseur,0.0
cod,0.0
rwandaiskiling,0.0
poubel,0.0
trafic,0.0
lendemain,0.0
bouteil,0.0
gul,0.0
vertu,0.0
alstom,0.0
croix,0.0
honor,0.0
ukronaz,0.0
gonfl,0.0
lgbt,0.0
leyen,0.0
concert,0.0
fratern,0.0
statu,0.0
refu,0.0
spectacl,0.0
genou,0.0
affam,0.0
lt,0.0
essay,0.0
artist,0.0
saoul,0.0
sect,0.0
fronc,0.0
grandeur,0.0
fiasco,0.0
senc,0.0
bureau,0.0
cap,0.0
tv,0.0
clairapplaudirteint,0.0
musel,0.0
rienc,0.0
confus,0.0
lim,0.0
carr,0.0
meur,0.0
capric,0.0
parven,0.0
obstin,0.0
option,0.0
inhumain,0.0
charl,0.0
formid,0.0
à,0.0
except,0.0
contest,0.0
chaleur,0.0
oligarch,0.0
jurid,0.0
merveil,0.0
blaireau,0.0
liban,0.0
balad,0.0
reparl,0.0
sil,0.0
rant,0.0
gatif,0.0
chantag,0.0
bond,0.0
plutot,0.0
encontr,0.0
entend,0.0
modest,0.0
rattrap,0.0
lent,0.0
confondr,0.0
grotesqu,0.0
riod,0.0
camion,0.0
fruit,0.0
inquiet,0.0
russi,0.0
blind,0.0
sahel,0.0
saxon,0.0
visionnair,0.0
dophil,0.0
troll,0.0
ki,0.0
rythm,0.0
entam,0.0
talent,0.0
attir,0.0
phas,0.0
indien,0.0
agent,0.0
gez,0.0
foutu,0.0
cravat,0.0
particul,0.0
perso,0.0
tail,0.0
chapp,0.0
melenchon,0.0
truisent,0.0
cynism,0.0
lo,0.0
demeur,0.0
millimetr,0.0
disparaîtr,0.0
espac,0.0
mun,0.0
objet,0.0
daesh,0.0
sastreux,0.0
mortif,0.0
verb,0.0
attal,0.0
offusqu,0.0
unanim,0.0
pous,0.0
chair,0.0
polici,0.0
fast,0.0
ski,0.0
combl,0.0
guid,0.0
serviteur,0.0
afflig,0.0
gerb,0.0
existent,0.0
communiqu,0.0
poign,0.0
pain,0.0
pench,0.0
glement,0.0
matern,0.0
cat,0.0
musiqu,0.0
secondair,0.0
sacrific,0.0
abond,0.0
ecout,0.0
chiffr,0.0
survivr,0.0
persist,0.0
urne,0.0
outil,0.0
melill,0.0
tueur,0.0
qualif,0.0
vers,0.0
azov,0.0
invent,0.0
admir,0.0
choqu,0.0
relev,0.0
repart,0.0
impuiss,0.0
bretagn,0.0
gression,0.0
surcro,0.0
tar,0.0
repos,0.0
expert,0.0
saut,0.0
montagn,0.0
pu,0.0
signif,0.0
impression,0.0
rot,0.0
concurrent,0.0
reconnaiss,0.0
suiss,0.0
chevill,0.0
sympath,0.0
feuill,0.0
compren,0.0
suiv,0.0
patriot,0.0
gam,0.0
sbir,0.0
avert,0.0
amend,0.0
succ,0.0
bec,0.0
royaum,0.0
bis,0.0
flott,0.0
incoh,0.0
rai,0.0
uk,0.0
sar,0.0
engendr,0.0
fossil,0.0
lux,0.0
mel,0.0
silenci,0.0
interet,0.0
charlot,0.0
cop,0.0
passsanitair,0.0
convers,0.0
emmerdeur,0.0
grac,0.0
gne,0.0
britann,0.0
appui,0.0
scientif,0.0
bloc,0.0
navir,0.0
autocrat,0.0
duction,0.0
record,0.0
somm,0.0
atroc,0.0
foetu,0.0
exerc,0.0
tradit,0.0
diatiqu,0.0
caiss,0.0
tank,0.0
inver,0.0
lai,0.0
cingl,0.0
cord,0.0
macronmenteur,0.0
chargeur,0.0
ambit,0.0
boucli,0.0
valabl,0.0
automobil,0.0
retrair,0.0
emmanuelmacron,0.0
exclur,0.0
prosp,0.0
fakenew,0.0
cialist,0.0
halo,0.0
tol,0.0
ouïr,0.0
inscriv,0.0
saign,0.0
gifl,0.0
bill,0.0
expuls,0.0
repris,0.0
bisou,0.0
sourd,0.0
den,0.0
pip,0.0
volt,0.0
cenc,0.0
humbl,0.0
styl,0.0
appar,0.0
clarifi,0.0
boulevers,0.0
pa,0.0
ident,0.0
ez,0.0
sold,0.0
gross,0.0
ranc,0.0
chocolat,0.0
dolipran,0.0
relan,0.0
majoritair,0.0
pl,0.0
harc,0.0
trag,0.0
feindr,0.0
conscient,0.0
extrem,0.0
adult,0.0
culott,0.0
rothschild,0.0
retomb,0.0
illicit,0.0
washington,0.0
physiqu,0.0
contredir,0.0
parfait,0.0
pisod,0.0
suppos,0.0
cipit,0.0
canich,0.0
pandor,0.0
atom,0.0
proxim,0.0
successeur,0.0
criv,0.0
sanguinair,0.0
sordr,0.0
sportif,0.0
napol,0.0
conomis,0.0
pensif,0.0
hensibl,0.0
vitr,0.0
cloch,0.0
intact,0.0
pouvoirdachat,0.0
tg,0.0
scienc,0.0
oreil,0.0
empreint,0.0
farc,0.0
e,0.0
affect,0.0
chancet,0.0
ploi,0.0
abomin,0.0
nain,0.0
tristess,0.0
eme,0.0
respectu,0.0
mythoman,0.0
fleur,0.0
plaisanter,0.0
jardin,0.0
consist,0.0
miroir,0.0
patholog,0.0
ww,0.0
bar,0.0
uvrer,0.0
amalgam,0.0
roquet,0.0
formul,0.0
surveil,0.0
cultiv,0.0
fanfaron,0.0
consensu,0.0
monaco,0.0
effac,0.0
lou,0.0
apartheid,0.0
europeen,0.0
ale,0.0
radiqu,0.0
concour,0.0
enregistr,0.0
gent,0.0
incest,0.0
parod,0.0
loign,0.0
lenchon,0.0
pipo,0.0
instruct,0.0
bagnol,0.0
elect,0.0
canc,0.0
jambon,0.0
captur,0.0
familial,0.0
conven,0.0
ultim,0.0
diesel,0.0
poison,0.0
multinational,0.0
ventuel,0.0
indirect,0.0
const,0.0
bhl,0.0
donneur,0.0
tit,0.0
boucl,0.0
illus,0.0
muscl,0.0
combatt,0.0
pilot,0.0
arroganc,0.0
elu,0.0
ho,0.0
sociopath,0.0
inflig,0.0
analys,0.0
lois,0.0
piss,0.0
bourguignon,0.0
froidesroul,3.796155773406501
trembl,0.0
pact,0.0
tentat,0.0
egal,0.0
signal,0.0
tte,0.0
glis,0.0
incontr,0.0
gation,0.0
elle,0.0
dor,0.0
cepend,0.0
lyc,0.0
match,0.0
renonc,0.0
foul,0.0
oppo,0.0
illustr,0.0
plant,0.0
sov,0.0
islamophob,0.0
pond,0.0
pal,0.0
procur,0.0
angleterr,0.0
insoumis,0.0
valet,0.0
solair,0.0
faibless,0.0
so,0.0
cal,0.0
affol,0.0
touff,0.0
allocu,0.0
recharg,0.0
testabl,0.0
sauvag,0.0
barrass,0.0
nant,0.0
banal,0.0
inconnu,0.0
iranien,0.0
mondialis,0.0
tort,0.0
abrog,0.0
entrep,0.0
maltrait,0.0
cohabit,0.0
solu,0.0
ambul,0.0
altern,0.0
symp,0.0
doin,0.0
rein,0.0
danseteint,0.0
tress,0.0
burkin,0.0
tapis,0.0
banlieu,0.0
planif,0.0
monarqu,0.0
bunk,0.0
democrat,0.0
poisson,0.0
world,0.0
disponibl,0.0
remont,0.0
plomb,0.0
cm,0.0
embryon,0.0
confront,0.0
sert,0.0
constitutionnalis,0.0
ital,0.0
extens,0.0
censur,0.0
tenu,0.0
vitabl,0.0
habill,0.0
paquet,0.0
expans,0.0
business,0.0
hongr,0.0
gendarm,0.0
liquid,0.0
war,0.0
shirt,0.0
liqu,0.0
orgi,0.0
klaus,0.0
maitr,0.0
bjr,0.0
rap,0.0
laboratoir,0.0
version,0.0
mol,0.0
adapt,0.0
agriculteur,0.0
pleurnich,0.0
agricol,0.0
inf,0.0
vitess,0.0
oup,0.0
pren,0.0
thiqu,0.0
multipl,0.0
persuad,0.0
noircoeur,-1.280287068742441
urss,0.0
martyr,0.0
phoniqu,0.0
maffieux,-1.997212329656734
zelinsk,0.0
sucr,0.0
ss,0.0
copin,0.0
club,0.0
pfff,0.0
fragil,0.0
rialist,0.0
bac,0.0
plor,0.0
mandatur,0.0
magog,0.0
sinistr,0.0
empoison,0.0
impun,0.0
convent,0.0
belgiqu,0.0
be,0.0
mement,0.0
bosn,0.0
bernard,0.0
ukr,0.0
fdp,0.0
m,0.0
colomb,0.0
contact,0.0
radio,0.0
americain,0.0
rd,0.0
vertigin,0.0
linquanc,0.0
mignon,0.0
scolair,0.0
sga,0.0
rond,0.0
bourgeois,0.0
guyan,0.0
accouch,0.0
ptn,0.0
fid,0.0
sacrif,0.0
tarif,0.0
fug,0.0
tordr,0.0
gauchist,0.0
capitul,0.0
grimp,0.0
cqfd,0.0
basind,0.0
merdiqu,0.0
girouet,0.0
ivoir,0.0
salon,0.0
clart,0.0
quatr,0.0
insoum,0.0
douteux,0.0
contrepart,0.0
vet,0.0
devin,0.0
isf,0.0
chisbicep,0.0
inadmissibl,0.0
coupl,0.0
recommenc,0.0
crass,0.0
applaudirapplaudirapplaud,0.0
hy,0.0
neonaz,0.0
cheval,0.0
restreindr,0.0
nobel,0.0
balkan,0.0
bra,0.0
agon,0.0
minc,0.0
trair,0.0
conclus,0.0
antir,0.0
ab,0.0
boul,0.0
moteur,0.0
juif,0.0
position,0.0
stup,0.0
aval,0.0
escroquer,0.0
u,0.0
asil,0.0
act,0.0
abyssal,0.0
quer,0.0
bb,0.0
hension,0.0
plum,0.0
entourag,0.0
krementchouk,0.0
pharm,0.0
collat,0.0
what,0.0
grit,0.0
auquel,0.0
young,0.0
mainteint,0.0
prudent,0.0
laxism,0.0
cub,0.0
banan,0.0
petrol,0.0
salopard,0.0
islamis,0.0
debil,0.0
incompr,0.0
trudeau,0.0
potentiel,0.0
redeven,0.0
pervers,0.0
deal,0.0
processus,0.0
dab,0.0
quiconqu,0.0
cadavr,0.0
ygl,-2.992685380306207
qlq,-1.8390443195077415
troubl,0.0
onaz,0.0
fractur,0.0
onazi,-1.9930771246844101
diver,0.0
vainqueur,0.0
bruit,0.0
klausschwab,-2.81625629710779
mouill,0.0
usag,0.0
homosexuel,0.0
tuer,0.0
claus,0.0
ticket,0.0
ron,0.0
nuag,0.0
modifi,0.0
impass,0.0
vre,0.0
curis,0.0
unit,0.0
incult,0.0
croissanc,0.0
ja,0.0
insist,0.0
casserol,0.0
saccag,0.0
vaxyn,0.0
nocidair,0.0
ent,0.0
scient,0.0
coquerel,0.0
lemair,0.0
vendeur,0.0
parall,0.0
splendeur,0.0
cutif,0.0
totalitair,0.0
bobard,0.0
eter,0.0
secour,0.0
usurp,0.0
pitr,0.0
actif,0.0
accident,0.0
aust,0.0
relai,0.0
complet,0.0
marchand,0.0
infam,0.0
cliniqu,0.0
massiv,0.0
salu,0.0
gre,0.0
clairpouc,0.0
janvi,0.0
tyrann,0.0
couteau,0.0
macro,0.0
jup,0.0
consacr,0.0
vilain,0.0
perform,0.0
her,0.0
malsain,0.0
esclavag,0.0
bruno,0.0
senegal,0.0
multipli,0.0
collabo,0.0
tain,0.0
demission,0.0
republicain,0.0
your,0.0
roevswad,0.0
fix,0.0
novembr,0.0
reouvr,0.0
fusil,0.0
cemment,0.0
glob,0.0
foutais,0.0
cercueil,0.0
duis,0.0
haïr,0.0
foot,0.0
tran,0.0
lettr,-1.960513446569097
pouill,0.0
paisibl,0.0
toit,0.0
grenouill,0.0
videnc,0.0
ave,0.0
gaspill,0.0
mit,0.0
end,0.0
pilul,0.0
baril,0.0
natal,0.0
camarad,0.0
frott,0.0
arrach,0.0
spectateur,0.0
tag,0.0
we,0.0
longueur,0.0
reni,0.0
reconnaitr,0.0
psychiatr,0.0
pis,0.0
surpris,0.0
leurr,0.0
applaudirapplaud,0.0
chich,0.0
apais,0.0
renvers,0.0
docteur,0.0
mobilis,0.0
intox,0.0
pertinent,0.0
euthanas,0.0
branch,0.0
oeilvisag,0.0
culturel,0.0
dramat,0.0
mtn,0.0
judiciair,0.0
va,0.0
ke,0.0
infrastructur,0.0
svisag,4.324079936530398
ois,0.0
entendeur,0.0
crott,0.0
motiv,0.0
av,0.0
tourd,0.0
cruel,0.0
descend,0.0
disposit,0.0
week,0.0
jeuness,0.0
sastreus,0.0
attribu,0.0
gislativ,0.0
tentieux,0.0
report,0.0
ignar,0.0
moel,0.0
londr,0.0
ballot,0.0
mouss,0.0
tactiqu,0.0
achev,0.0
fiabl,0.0
degr,0.0
summ,0.0
reconstruir,0.0
chiot,0.0
beurr,0.0
sist,0.0
ficel,0.0
gouv,0.0
moumout,0.0
enr,0.0
mineur,0.0
lectiv,0.0
absten,0.0
ric,0.0
fan,0.0
enfum,0.0
mckinseymacrongat,0.0
prompt,0.0
goat,0.0
asiat,0.0
drastiqu,0.0
horizon,0.0
parrain,0.0
larem,0.0
clowner,0.0
salar,0.0
lisbon,0.0
gout,0.0
revaloris,0.0
leclerc,0.0
envol,0.0
moncorpsmonchoix,0.0
marasm,0.0
dictatorial,0.0
nouvel,0.0
castor,0.0
marmott,0.0
chirac,0.0
perlimpinpin,0.0
bourr,0.0
obu,0.0
accentu,0.0
venezuel,0.0
sap,0.0
aspir,0.0
bot,0.0
slav,0.0
seal,0.0
cram,0.0
mlp,0.0
majeurteint,0.0
poutr,0.0
matur,0.0
decis,0.0
interlocuteur,0.0
foutriquet,0.0
ombre,0.0
savour,0.0
cok,0.0
ceintur,0.0
saveu,0.0
galis,0.0
nwo,0.0
cou,0.0
bye,0.0
mercenair,0.0
dessou,0.0
cauchemar,0.0
cor,0.0
exercic,0.0
majest,0.0
up,0.0
joueur,0.0
our,0.0
sistanc,0.0
hydrog,0.0
monstrat,0.0
rateur,0.0
enfanc,0.0
absorb,0.0
immoral,0.0
reux,0.0
plai,0.0
protocol,0.0
interieur,0.0
bfmtv,0.0
pension,0.0
engi,0.0
racket,0.0
tro,0.0
notion,0.0
menu,0.0
flatt,0.0
entretien,0.0
vp,0.0
belliqu,0.0
ste,0.0
emprison,0.0
diabolis,0.0
manoeuvr,0.0
pub,0.0
doux,0.0
caract,0.0
gaul,0.0
song,0.0
tropical,0.0
plaqu,0.0
rab,0.0
relir,0.0
dig,0.0
lectur,0.0
jur,0.0
conqu,0.0
pavan,0.0
bleucoeur,0.0
plaisant,0.0
latin,0.0
jouet,0.0
diabol,0.0
qq,0.0
my,0.0
daill,0.0
savou,0.0
envenim,0.0
rappelon,0.0
redescendr,0.0
arnault,0.0
minim,0.0
obsess,0.0
tand,0.0
inal,0.0
right,0.0
teau,0.0
mult,0.0
station,0.0
utop,0.0
subvent,0.0
stagiair,0.0
tch,0.0
hum,0.0
esper,0.0
ect,0.0
emm,0.0
maximum,0.0
islamo,0.0
agr,0.0
culateur,0.0
annul,0.0
chial,0.0
craqu,0.0
torch,0.0
discr,0.0
sult,0.0
neuf,0.0
bluff,0.0
pacotill,0.0
plastiqu,0.0
bin,0.0
secr,0.0
loos,0.0
autrui,0.0
hahah,0.0
contraint,0.0
humour,0.0
albangervais,0.0
miet,0.0
piano,0.0
matraqu,0.0
perspect,0.0
ptdr,0.0
karm,0.0
transmettr,0.0
uf,0.0
gazoil,0.0
bulgar,0.0
ougand,0.0
facilit,0.0
ra,0.0
immisc,0.0
pffff,0.0
milic,0.0
paill,0.0
couillon,0.0
nabl,0.0
tatou,0.0
nario,0.0
douc,0.0
superb,0.0
quatar,0.0
sing,0.0
emprunt,0.0
ph,0.0
laur,0.0
clownt,0.0
iron,0.0
tva,0.0
miracl,0.0
sept,0.0
sugg,0.0
perturbent,0.0
adolescent,0.0
oit,0.0
argument,0.0
indiff,0.0
pib,0.0
nounour,0.0
ditat,0.0
gaff,0.0
lustr,0.0
forum,0.0
sondag,0.0
referendum,0.0
triomph,0.0
aux,0.0
bientot,0.0
restitu,0.0
acquer,0.0
mien,0.0
mix,0.0
obam,0.0
dindon,0.0
davo,0.0
pff,0.0
coq,0.0
navr,0.0
gj,0.0
extract,0.0
ingouvern,0.0
sain,0.0
effrai,0.0
hyp,0.0
rachet,0.0
valoris,0.0
paniqu,0.0
peopl,0.0
brouill,0.0
remport,0.0
flamm,0.0
lant,0.0
ser,0.0
homologu,0.0
professeur,0.0
flexionballon,1.395409838951773
elyse,0.0
stigmatis,0.0
constern,0.0
parleurhaut,0.0
accumul,0.0
marioupol,0.0
dimanch,0.0
accroch,0.0
pig,0.0
odess,0.0
confisqu,0.0
accessoir,0.0
good,0.0
frein,0.0
robinet,0.0
domb,0.0
as,0.0
privat,0.0
clef,0.0
tchad,0.0
condition,0.0
lang,0.0
colt,0.0
incompatibl,0.0
supercher,0.0
malfaiteur,0.0
rialism,0.0
ed,0.0
diffus,0.0
bull,0.0
conform,0.0
jouiss,0.0
austral,0.0
appart,0.0
one,0.0
fumeux,0.0
lech,0.0
versaill,0.0
six,0.0
ao,0.0
pantalon,0.0
missair,0.0
allo,0.0
excel,0.0
nat,0.0
irresponsabil,0.0
once,0.0
gaulois,0.0
banalis,0.0
sketch,0.0
provinc,0.0
automat,0.0
clas,0.0
parleur,0.0
foment,0.0
exemplair,0.0
dic,0.0
amit,0.0
rationnel,0.0
franco,0.0
ac,0.0
alloc,0.0
tourist,0.0
tragiqu,0.0
fiert,0.0
synonym,0.0
calamit,0.0
godillot,0.0
clan,0.0
conduit,0.0
judici,0.0
pouv,0.0
bern,0.0
afghan,0.0
gm,0.0
sui,0.0
rt,0.0
ruptur,0.0
darmanindemiss,0.0
racl,0.0
he,0.0
vermin,0.0
emb,0.0
ct,0.0
lait,0.0
wow,0.0
ukrenien,0.0
blanch,0.0
mackinsey,0.0
abon,0.0
immond,0.0
brais,0.0
raffin,0.0
licenci,0.0
manag,0.0
sionist,0.0
conten,0.0
recycl,0.0
absent,0.0
ma,0.0
recommand,0.0
dissimul,0.0
nic,0.0
motif,0.0
cc,0.0
vant,0.0
convict,0.0
qualifi,0.0
ag,0.0
insen,0.0
composit,0.0
mou,0.0
sex,0.0
partisan,0.0
ralli,0.0
proteg,0.0
salet,0.0
rissent,0.0
cogn,0.0
macaron,0.0
macronist,0.0
chimiqu,0.0
condol,0.0
appropr,0.0
instanc,0.0
porteur,0.0
fra,0.0
reproduir,0.0
publi,0.0
opolit,0.0
gb,0.0
horm,0.0
infirm,0.0
yo,0.0
panam,0.0
interrogationpoint,1.758415839692478
rdcongo,0.0
van,0.0
yanke,0.0
colonial,0.0
queu,0.0
ampleur,0.0
lapin,0.0
sarko,0.0
israel,0.0
irrespectu,0.0
syndrom,0.0
rompr,0.0
neig,0.0
funest,0.0
immatur,0.0
rac,0.0
tournesol,0.0
solid,0.0
abort,0.0
gazol,0.0
dieux,0.0
revendiqu,0.0
nordstream,0.0
poindr,0.0
vigil,0.0
embrass,0.0
suspens,0.0
gor,0.0
fauss,0.0
syrien,0.0
polon,0.0
minoritair,0.0
terroris,0.0
abr,0.0
aventur,0.0
krementchoug,0.0
questiondelaur,0.0
hostil,0.0
croit,0.0
basvisag,0.0
capot,0.0
cesar,0.0
monarch,0.0
lund,0.0
actionnair,0.0
benall,0.0
vari,0.0
kwh,0.0
fricot,0.0
gd,0.0
douch,0.0
archi,0.0
distanc,0.0
antis,0.0
mism,0.0
imbecil,0.0
amer,0.0
tkt,0.0
lyon,0.0
extraordinair,0.0
semblabl,0.0
monumental,0.0
ilvisag,0.0
licieux,0.0
confi,0.0
fournisseur,0.0
togo,0.0
assoc,0.0
furieux,0.0
oncle,0.0
damien,0.0
sam,0.0
onner,0.0
artisan,0.0
verbal,0.0
video,0.0
plaisantin,0.0
licenc,0.0
irrationnel,0.0
genocid,0.0
hop,0.0
deput,0.0
inaudibl,0.0
sai,0.0
remis,0.0
artificiel,0.0
univer,0.0
piq,0.0
sour,0.0
roitelet,0.0
football,0.0
directeur,0.0
macronestunpsychopath,0.0
stag,0.0
goutt,0.0
une,0.0
freluquet,0.0
matignon,0.0
aa,0.0
reuf,0.0
acharn,0.0
degag,0.0
gocentriqu,0.0
rig,0.0
voul,0.0
neutralis,0.0
quivalent,0.0
ecolog,0.0
bibl,0.0
contenu,0.0
carnag,0.0
furet,0.0
donien,0.0
leadership,0.0
ali,0.0
craint,0.0
samed,0.0
pavois,0.0
assemble,0.0
lation,0.0
coupur,0.0
grond,0.0
amplifi,0.0
sorc,0.0
macronmckinsey,0.0
boulet,0.0
mard,0.0
sesp,0.0
sagess,0.0
rail,0.0
amazon,0.0
implant,0.0
munich,0.0
abattr,0.0
troph,0.0
totalitarism,0.0
chisteint,0.0
pani,0.0
rabaiss,0.0
avc,0.0
djihad,0.0
gos,0.0
pair,0.0
lunair,0.0
enversvisag,0.0
nuremberg,0.0
rud,0.0
balay,0.0
md,0.0
agrand,0.0
zacharopoulou,0.0
vuln,0.0
pes,0.0
raill,0.0
amical,0.0
veut,0.0
mirat,0.0
rebel,0.0
valis,0.0
sorton,0.0
moulin,0.0
agre,0.0
exacerb,0.0
nazillon,0.0
berlin,0.0
cousin,0.0
blanchefin,0.0
cro,0.0
manch,0.0
poignard,0.0
poto,0.0
nopaus,0.0
coran,0.0
boy,0.0
joujou,0.0
tend,0.0
glorifi,0.0
macrott,0.0
rafal,0.0
mention,0.0
ecolo,0.0
corrig,0.0
fet,0.0
redress,0.0
depot,0.0
vivon,0.0
ateur,0.0
milit,0.0
imaginair,0.0
mybodymychoic,0.0
obscur,0.0
mad,0.0
cann,0.0
nocif,0.0
cruaut,0.0
effectu,0.0
nit,0.0
pcq,0.0
novlangu,0.0
surf,0.0
oriental,0.0
obscurantism,0.0
nis,0.0
flanc,0.0
adn,0.0
bouc,0.0
evit,0.0
bre,0.0
pat,0.0
emanuel,0.0
toilet,0.0
montpelli,0.0
pop,0.0
reuss,0.0
nd,0.0
lci,0.0
macronistan,0.0
envergur,0.0
machiav,0.0
l,0.0
serf,0.0
amont,0.0
cacavisag,0.0
aper,0.0
interop,0.0
ramp,0.0
flagr,0.0
nuisibl,0.0
ail,0.0
ado,0.0
fianc,0.0
entreprendr,0.0
pedophil,0.0
prostitu,0.0
hopital,0.0
complais,0.0
bce,0.0
ansdetrop,0.0
linguist,0.0
ii,0.0
gouvernemental,0.0
domest,0.0
laqu,0.0
osez,0.0
prioritair,0.0
marg,0.0
cnew,0.0
ar,0.0
demiss,0.0
hilar,0.0
vergogn,0.0
gabon,0.0
commonwealth,0.0
dragu,0.0
pid,0.0
ran,0.0
giec,0.0
otag,0.0
volu,0.0
artiller,0.0
compatibl,0.0
dans,0.0
territorial,0.0
casqu,0.0
mouch,0.0
hai,0.0
impatient,0.0
shonor,0.0
attend,0.0
offici,0.0
prisabl,0.0
nid,0.0
notoir,0.0
geurr,0.0
repass,0.0
abaddemiss,0.0
morfl,0.0
pm,0.0
khadaf,0.0
macronard,0.0
charismat,0.0
soif,0.0
maudir,0.0
rag,0.0
guerreenukrain,0.0
centim,0.0
cameroun,0.0
tentativ,0.0
aah,0.0
abl,0.0
terrorist,0.0
clim,0.0
introduir,0.0
serpill,0.0
perdur,0.0
hautbois,0.0
muset,0.0
wokism,0.0
lix,0.0
lior,0.0
show,0.0
bobo,0.0
chanti,0.0
labo,0.0
sa,0.0
at,0.0
lambd,0.0
autoritair,0.0
vertical,0.0
off,0.0
parcour,0.0
biodivers,0.0
duqu,0.0
lithium,0.0
laxist,0.0
occult,0.0
embrouill,0.0
youtub,0.0
unioneuropeen,0.0
docu,0.0
tabass,0.0
promot,0.0
vichy,0.0
lach,0.0
ripost,0.0
abrit,0.0
indispens,0.0
cuir,0.0
wok,0.0
gob,0.0
vendred,0.0
shut,0.0
chement,0.0
quentabl,0.0
affreux,0.0
revir,0.0
injonct,0.0
ism,0.0
presidentiel,0.0
macrond,0.0
surdimension,0.0
out,0.0
disparit,0.0
homosexual,0.0
obscurant,0.0
proclam,0.0
vocabulair,0.0
recrut,0.0
hangar,0.0
pn,0.0
convert,0.0
quitabl,0.0
tribunal,0.0
peux,0.0
truqu,0.0
ei,0.0
batt,0.0
hydrocarbur,0.0
abortionrightsarehumanright,0.0
parasit,0.0
internet,0.0
devenu,0.0
soleilvisag,0.0
classiqu,0.0
remu,0.0
dumping,0.0
aberr,0.0
narrat,0.0
lin,0.0
gangr,0.0
cheveux,0.0
bain,0.0
reproduct,0.0
veur,0.0
sganarel,0.0
engraiss,0.0
immeubl,0.0
marinelepen,0.0
subtil,0.0
borgn,0.0
cret,0.0
chart,0.0
pont,0.0
papy,0.0
meut,0.0
sauc,0.0
aiguill,0.0
ka,0.0
concess,0.0
stadedefr,0.0
chiquet,0.0
vocat,0.0
correspondr,0.0
nucleair,0.0
ukrainewar,0.0
next,0.0
coucou,0.0
annex,0.0
offens,0.0
duplic,0.0
vo,0.0
gourou,0.0
reaction,0.0
land,0.0
seigneur,0.0
debut,0.0
incer,0.0
servat,0.0
nickel,0.0
oiv,0.0
nateur,0.0
rival,0.0
vil,0.0
similair,0.0
gratt,0.0
veto,0.0
monstrueu,0.0
troli,0.0
nobl,0.0
bronch,0.0
flux,0.0
magogu,0.0
sauvonslessol,0.0
ligu,0.0
tigray,0.0
musical,0.0
terreur,0.0
lav,0.0
dard,0.0
zemmour,0.0
blah,0.0
parfair,0.0
rimentau,0.0
layen,0.0
rougevisag,0.0
ori,0.0
pov,0.0
proph,0.0
ouin,0.0
loupvisag,-1.4480362361954826
apprent,0.0
conjugal,0.0
salop,0.0
foutagedegueul,0.0
sabl,0.0
subvention,0.0
naisssanc,0.0
concord,0.0
jeanmicheltrogn,0.0
macronlefou,0.0
sifflet,0.0
trograd,0.0
sirabl,0.0
exc,0.0
dot,0.0
bienveil,0.0
youp,0.0
bojo,0.0
coinc,0.0
invisibl,0.0
empereur,0.0
russiaisaterroriststat,0.0
yacht,0.0
lass,0.0
armukrainenow,0.0
cahi,0.0
timing,0.0
vaccinesideeffect,0.0
tord,0.0
bavur,0.0
hom,0.0
mor,0.0
fumister,0.0
autosatisfact,0.0
interess,0.0
tutoi,0.0
biolog,0.0
exceptionnel,0.0
kremenchuk,0.0
melon,0.0
cobellig,0.0
pragmat,0.0
entrepreneur,0.0
remani,0.0
instig,0.0
cadd,0.0
dynam,0.0
desserv,0.0
inter,0.0
auxquel,0.0
lavag,0.0
exclus,0.0
vasion,0.0
fournitur,0.0
branleur,0.0
inviv,0.0
dragh,0.0
dou,0.0
teint,0.0
atur,0.0
dsl,0.0
saoudien,0.0
combin,0.0
english,0.0
soeur,0.0
diction,0.0
contourn,0.0
cinqu,0.0
adept,0.0
canicul,0.0
plorabl,0.0
ore,0.0
repent,0.0
infernal,0.0
detest,0.0
sourat,0.0
creus,0.0
plafond,0.0
traqu,0.0
paysan,0.0
rem,0.0
connexion,0.0
mbapp,0.0
illumin,0.0
truand,0.0
coprinc,0.0
citat,0.0
docil,0.0
bayrou,0.0
corporel,0.0
quran,0.0
will,0.0
consort,0.0
ostrat,0.0
allur,0.0
vement,0.0
mordr,0.0
blat,0.0
nn,0.0
opep,0.0
lism,0.0
f,0.0
encha,0.0
emball,0.0
suprem,0.0
fall,0.0
consequent,0.0
portefeuill,0.0
montag,0.0
destal,0.0
mobil,0.0
pleas,0.0
trich,0.0
ief,0.0
rair,0.0
cong,0.0
noi,0.0
rempart,0.0
marrag,0.0
flan,0.0
bazar,0.0
surench,0.0
amn,0.0
thread,0.0
sorci,0.0
facteur,0.0
concevoir,0.0
set,0.0
moign,0.0
merdeux,0.0
melanchon,0.0
poss,0.0
nav,0.0
interd,0.0
embras,0.0
anmoin,0.0
mm,0.0
maghreb,0.0
gras,0.0
brevet,0.0
original,0.0
blablablabl,0.0
grass,0.0
back,0.0
viril,0.0
licorn,0.0
trad,0.0
lvmh,0.0
plateau,0.0
douan,0.0
maintien,0.0
oppress,0.0
schizophr,0.0
fraudul,0.0
raclur,0.0
fumi,0.0
achemin,0.0
indemn,0.0
enfoir,0.0
ballon,0.0
giletsjaun,0.0
atterr,0.0
chim,0.0
sonko,0.0
fromag,0.0
localis,0.0
berg,0.0
veran,0.0
ukro,0.0
plui,0.0
irland,0.0
issanc,0.0
paulesperson,0.0
copieux,0.0
golf,0.0
fertil,0.0
quelquechos,0.0
compo,0.0
excis,0.0
gangren,0.0
fillet,0.0
acter,0.0
satisfact,0.0
languag,0.0
caprici,0.0
replac,0.0
dol,0.0
tomat,0.0
revend,0.0
ficiair,0.0
transmiss,0.0
cast,0.0
uvrez,0.0
bullsh,0.0
bougr,0.0
ogiv,0.0
rob,0.0
ruedetrevis,0.0
hiroshim,0.0
fantasm,0.0
alsac,0.0
alist,0.0
sos,0.0
inexor,0.0
accompl,0.0
nieur,0.0
encercl,0.0
italien,0.0
patrimoin,0.0
bio,0.0
flop,0.0
racin,0.0
touquet,0.0
sangl,0.0
viter,0.0
bg,0.0
princess,0.0
duc,0.0
fouttr,0.0
partiel,0.0
boeuf,0.0
gativ,0.0
olymp,0.0
apprentissag,0.0
maternel,0.0
distrair,0.0
connaitr,0.0
bellic,0.0
over,0.0
fusion,0.0
maltr,0.0
secteur,0.0
stalin,0.0
dal,0.0
lituan,0.0
amateurism,0.0
antill,0.0
chauffeur,0.0
chop,0.0
studio,0.0
manig,0.0
distinct,0.0
luxembourg,0.0
decon,0.0
permiss,0.0
shonneur,0.0
gauss,0.0
exorbit,0.0
salad,0.0
haineux,0.0
suppli,0.0
bou,0.0
hexagon,0.0
tuel,0.0
vab,0.0
conquer,0.0
apercevoir,0.0
ception,0.0
punit,0.0
grec,0.0
soulev,0.0
lensk,0.0
pillag,0.0
redemand,0.0
luret,0.0
russo,0.0
extraterrestr,0.0
rwandaiskilling,0.0
compat,0.0
age,0.0
musiquenot,0.0
malais,0.0
croiss,0.0
ratur,0.0
philosoph,0.0
pv,0.0
pil,0.0
ceasar,0.0
ykutcz,0.0
fourr,0.0
subaltern,0.0
anxiog,0.0
nien,0.0
mourr,0.0
ga,0.0
iel,0.0
lectroniqu,0.0
intens,0.0
techniqu,0.0
kak,0.0
translat,0.0
fici,0.0
inconv,0.0
diktat,0.0
millard,0.0
maintient,0.0
pist,0.0
passoir,0.0
tutel,0.0
wait,0.0
coffr,0.0
web,0.0
toutefois,0.0
habil,0.0
berger,0.0
invalid,0.0
odeur,0.0
cessit,0.0
fractair,0.0
tern,0.0
alzheim,0.0
toriqu,0.0
influenceur,0.0
halt,0.0
embauch,0.0
belg,0.0
vertueux,0.0
math,0.0
ist,0.0
cotis,0.0
instar,0.0
envahisseur,0.0
ressais,0.0
planet,0.0
else,0.0
gourd,0.0
argentvisag,0.0
los,0.0
farin,0.0
fouteur,0.0
exigent,0.0
blond,0.0
consign,0.0
rectif,0.0
chel,0.0
defendr,0.0
aboi,0.0
integr,0.0
resultat,0.0
model,0.0
drol,0.0
rendez-vous,0.0
open,0.0
incant,0.0
calendri,0.0
intensifi,0.0
substanc,0.0
vain,0.0
viel,0.0
visio,0.0
reston,0.0
vastateur,0.0
sarm,0.0
publ,0.0
cobay,0.0
charism,0.0
spoli,0.0
enflamm,0.0
ecol,0.0
cycl,0.0
outranc,0.0
rior,0.0
malien,0.0
pingouin,0.0
ennui,0.0
meutr,0.0
goulag,0.0
pok,0.0
cra,0.0
axe,0.0
contradictoir,0.0
fatal,0.0
urant,0.0
galoman,0.0
tun,0.0
pkk,0.0
pc,0.0
enc,0.0
catalyseur,0.0
frontal,0.0
mail,0.0
gravissim,0.0
satisf,0.0
qi,0.0
expansion,0.0
eelv,0.0
clich,0.0
reconstruct,0.0
cochon,0.0
parano,0.0
sint,0.0
star,0.0
tranch,0.0
ploy,0.0
atmosph,0.0
cuisin,0.0
insipid,0.0
plu,0.0
fo,0.0
patienc,0.0
agenc,0.0
jap,0.0
expos,0.0
kilom,0.0
monopol,0.0
piteux,0.0
risibl,0.0
nig,0.0
kidnapp,0.0
ahur,0.0
rh,0.0
arbitrair,0.0
terrass,0.0
fleuron,0.0
fabl,0.0
liverpool,0.0
nousnesommespasenguerr,0.0
australien,0.0
encaiss,0.0
rif,0.0
moch,0.0
ardeur,0.0
fourb,0.0
abaiss,0.0
magogiqu,0.0
intim,0.0
auparav,0.0
pfffff,0.0
demerd,0.0
econom,0.0
fdo,0.0
conjur,0.0
lun,0.0
nettoyag,0.0
teront,0.0
hollywood,0.0
chit,0.0
bozo,0.0
pt,0.0
pauv,0.0
impuls,0.0
bus,0.0
cohort,0.0
scrupul,0.0
project,0.0
maint,0.0
scandinav,0.0
litt,0.0
rapatri,0.0
antivax,0.0
tention,0.0
bavard,0.0
saloper,0.0
cideur,0.0
elys,0.0
hord,0.0
tonat,0.0
compteur,0.0
linsky,0.0
rial,0.0
gang,0.0
unien,0.0
besogn,0.0
netflix,0.0
distingu,0.0
surpren,0.0
aill,0.0
villag,0.0
perfid,0.0
qqch,0.0
brav,0.0
plafon,0.0
renflou,0.0
endormivisag,0.0
macronien,0.0
mainslev,0.0
infect,0.0
vital,0.0
malfrat,0.0
wan,0.0
erdo,0.0
forfaitur,0.0
mongol,0.0
payon,0.0
coluch,0.0
soignantssuspendus,0.0
divorc,0.0
brul,0.0
intermittent,0.0
cider,0.0
saccord,0.0
marc,0.0
licat,0.0
bancal,0.0
refug,0.0
vas,0.0
sauter,0.0
recouvr,0.0
cologist,0.0
renvoy,0.0
stockag,0.0
tripl,0.0
ukrainerussiawar,0.0
general,0.0
perroquet,0.0
gestionnair,0.0
ivgdanslaconstitu,0.0
traumat,0.0
pesticid,0.0
mercred,0.0
stand,0.0
incon,0.0
coordin,0.0
marketing,0.0
fauc,0.0
culair,0.0
couron,0.0
mak,0.0
fe,0.0
abstenu,0.0
libyen,0.0
are,0.0
vastatric,0.0
saintavold,0.0
marionet,0.0
pe,0.0
hockey,0.0
sensibil,0.0
charm,0.0
russianwarcrim,0.0
orphelin,0.0
aigl,0.0
chypr,0.0
traffic,0.0
vrmt,0.0
sham,0.0
excu,0.0
pirouet,0.0
infirmi,0.0
crack,0.0
pratiquent,0.0
auxarmescitoyen,0.0
vos,0.0
arnm,0.0
huit,0.0
inclus,0.0
vex,0.0
crain,0.0
neuron,0.0
nef,0.0
paraîtr,0.0
sadiqu,0.0
surfac,0.0
thani,0.0
costard,0.0
processu,0.0
that,0.0
c,0.0
ut,0.0
caress,0.0
vrp,0.0
agac,0.0
locatair,0.0
cosyst,0.0
focalis,0.0
enflur,0.0
hall,0.0
piscin,0.0
flic,0.0
tableau,0.0
bataillon,0.0
russophob,0.0
decen,0.0
terrifi,0.0
solat,0.0
reunion,0.0
enfil,0.0
moniqu,0.0
parit,0.0
incident,0.0
unilat,0.0
saddam,0.0
max,0.0
temporair,0.0
pag,0.0
shopping,0.0
dress,0.0
superfic,0.0
facult,0.0
loruss,0.0
bav,0.0
kinshas,0.0
limitroph,0.0
sommeil,0.0
visit,0.0
luctabl,0.0
niss,0.0
politicard,0.0
justif,0.0
detruir,0.0
recentr,0.0
camoufl,0.0
inconsid,0.0
dodo,0.0
spectaculair,0.0
mocrati,0.0
tousdanslaru,0.0
menceau,0.0
french,0.0
tunis,0.0
manet,0.0
ventil,0.0
iniqu,0.0
euph,0.0
body,0.0
faiseur,0.0
treign,0.0
cellul,0.0
quitat,0.0
eiffel,0.0
qt,0.0
geul,0.0
success,0.0
attrap,0.0
bibliqu,0.0
voudriont,0.0
giment,0.0
ussiss,0.0
radar,0.0
sensibl,0.0
transparent,0.0
baguet,0.0
chal,0.0
baff,0.0
fals,0.0
eborgn,0.0
alcool,0.0
palabr,0.0
sued,0.0
avocat,0.0
raccourc,0.0
perdu,0.0
nair,0.0
uvr,0.0
parisien,0.0
blablat,0.0
volonti,0.0
attack,0.0
paillasson,0.0
automn,0.0
speech,0.0
mortel,0.0
concili,0.0
bidul,0.0
great,0.0
jud,0.0
agonis,0.0
gangst,0.0
foudr,0.0
glingu,0.0
dessu,0.0
salaud,0.0
immobilism,0.0
brad,0.0
carabistouill,0.0
vieillard,0.0
avt,0.0
blc,0.0
cir,0.0
gligeabl,0.0
akbar,0.0
regl,0.0
espagnol,0.0
fioul,0.0
gain,0.0
mentor,0.0
blocus,0.0
lensky,0.0
dictionnair,0.0
dissuas,0.0
titanic,0.0
gis,0.0
alib,0.0
reproch,0.0
kadhaf,0.0
country,0.0
tasunien,0.0
gigantesqu,0.0
sel,0.0
bourreau,0.0
immobil,0.0
addit,0.0
sph,0.0
serein,0.0
suppo,0.0
merit,0.0
culpabilis,0.0
instabil,0.0
amplement,0.0
incendiair,0.0
carreau,0.0
jurist,0.0
inhuman,0.0
cip,0.0
tampon,0.0
paper,0.0
trer,0.0
ambigu,0.0
percut,0.0
pans,0.0
ghour,0.0
sabot,0.0
box,0.0
instrumental,0.0
percuss,0.0
extra,0.0
focus,0.0
pin,0.0
espec,0.0
popular,0.0
cair,0.0
ayez,0.0
account,0.0
temporarily,0.0
unavailabl,0.0
becaus,0.0
policy,0.0
learn,0.0
represent,0.0
despot,0.0
colossal,0.0
samuel,0.0
bataclan,0.0
economiqu,0.0
sponsor,0.0
adolescenc,0.0
totalenerg,0.0
toto,0.0
boulever,0.0
fauch,0.0
acheteur,0.0
fanat,0.0
glorieux,0.0
bosphor,0.0
romain,0.0
annuel,0.0
certitud,0.0
nalis,0.0
lotan,0.0
turbulent,0.0
courr,0.0
quil,0.0
macronaverick,0.0
imprim,0.0
abolit,0.0
lobbyist,0.0
stabl,0.0
gun,0.0
moret,0.0
assad,0.0
bassin,0.0
reflet,0.0
basiqu,0.0
tesl,0.0
nupesurgencesocial,0.0
nonaupassdelahont,0.0
antiqu,0.0
grev,0.0
bonbon,0.0
taiwan,0.0
bachibouzouk,0.0
lec,0.0
protest,0.0
fain,0.0
socl,0.0
traditionnel,0.0
tf,0.0
frero,0.0
nest,0.0
harcel,0.0
russiaterroriststat,0.0
choupinet,0.0
tendanc,0.0
lobb,0.0
rogat,0.0
urg,0.0
augur,0.0
gum,0.0
viseur,0.0
mess,0.0
imput,0.0
oul,0.0
vad,0.0
reddit,0.0
rin,0.0
issant,0.0
industrialis,0.0
vann,0.0
filtr,0.0
embl,0.0
sun,0.0
pou,0.0
mainagit,0.0
pagaill,0.0
can,0.0
pre,0.0
chais,0.0
gour,0.0
black,0.0
fracass,0.0
suspect,0.0
vention,0.0
anniversair,0.0
bast,0.0
soj,0.0
vez,0.0
appropri,0.0
nient,0.0
bo,0.0
myst,0.0
lot,0.0
contamin,0.0
extermin,0.0
hallucin,0.0
gpa,0.0
macrondehor,0.0
rural,0.0
citoyennet,0.0
desastr,0.0
calam,0.0
morti,0.0
pneu,0.0
ombr,0.0
bha,0.0
interrupt,0.0
gargaris,0.0
detruit,0.0
annon,0.0
porc,0.0
alarm,0.0
convi,0.0
pertuis,0.0
menstruel,0.0
cretin,0.0
arsenal,0.0
entrepo,0.0
grist,0.0
accul,0.0
nibl,0.0
journalist,0.0
ux,0.0
revolu,0.0
donb,0.0
ouvertevisag,3.153592824176268
bisounour,0.0
annexion,0.0
cendr,0.0
suicidair,0.0
foret,0.0
migrat,0.0
syntax,0.0
intol,0.0
sm,0.0
casino,0.0
aum,0.0
ko,0.0
vonderleyen,0.0
congr,0.0
donald,0.0
ambassadeur,0.0
voyon,0.0
irakien,0.0
logiciel,0.0
exposit,0.0
clampin,0.0
moyenmain,0.0
acolyt,0.0
should,0.0
collabos,0.0
autruch,0.0
domicil,0.0
km,0.0
infin,0.0
anc,0.0
palm,0.0
suceur,0.0
charlatan,0.0
breton,0.0
flou,0.0
necr,0.0
contributeur,0.0
licopt,0.0
exsangu,0.0
degaull,0.0
connivent,0.0
maud,0.0
olib,0.0
retien,0.0
tce,0.0
macronit,0.0
this,0.0
quelconqu,0.0
majeurmajeur,0.0
pensifvisag,0.0
anne,0.0
cer,0.0
ye,0.0
dijon,0.0
real,0.0
perc,0.0
bassess,0.0
pck,0.0
veul,0.0
ersatz,0.0
ouah,0.0
guet,0.0
propul,0.0
vietnam,0.0
ritag,0.0
uvrent,0.0
beb,0.0
img,0.0
charognard,0.0
mepr,0.0
alism,0.0
papot,0.0
batard,0.0
ohhh,0.0
vall,0.0
mid,0.0
pleurevisag,0.0
synth,0.0
pirat,0.0
impatienc,0.0
wall,0.0
sec,0.0
cuisinecouteau,0.0
pkoi,0.0
coudr,0.0
sexist,0.0
raffiner,0.0
putat,0.0
grez,0.0
tn,0.0
fundamental,0.0
tonton,0.0
gogo,0.0
reform,0.0
tram,0.0
mall,0.0
lic,0.0
contradict,0.0
fachism,0.0
transfert,0.0
adven,0.0
partit,0.0
ray,0.0
bfm,0.0
entent,0.0
suff,0.0
defens,0.0
verset,0.0
spontan,0.0
prend,0.0
boom,0.0
chari,0.0
malt,0.0
psychosocial,0.0
bavardag,0.0
reconduir,0.0
vel,0.0
infanticid,0.0
etrang,0.0
typiqu,0.0
choc,0.0
ctre,0.0
cidiv,0.0
mckinseygat,0.0
viabl,0.0
summum,0.0
extremedroit,0.0
quit,0.0
excit,0.0
denr,0.0
troc,0.0
mink,0.0
promo,0.0
barb,0.0
ograph,0.0
refil,0.0
cielarc,0.0
lan,0.0
capt,0.0
mohammed,0.0
tim,0.0
dynast,0.0
init,0.0
narqu,0.0
elisabeth,0.0
chiffon,0.0
implos,0.0
glac,0.0
barqu,0.0
weil,0.0
rilis,0.0
oqtf,0.0
ban,0.0
kik,0.0
bascul,0.0
passeport,0.0
joug,0.0
odieux,0.0
reset,0.0
sch,0.0
minism,0.0
omicron,0.0
orban,0.0
ham,0.0
charabi,0.0
moquer,0.0
diagnostic,0.0
aveu,0.0
plag,0.0
interrompr,0.0
commissiondesfin,0.0
torchon,0.0
epr,0.0
talk,0.0
rentabl,0.0
disparaitr,0.0
assujet,0.0
dus,0.0
balein,0.0
fusillad,0.0
leitmotiv,0.0
seringu,0.0
qque,0.0
magn,0.0
kaliningrad,0.0
endigu,0.0
vois,0.0
nen,0.0
mdrrr,0.0
sespoir,0.0
nouill,0.0
slogan,0.0
ralis,0.0
ancr,0.0
budg,0.0
coursuprem,0.0
dipl,0.0
clic,0.0
museven,0.0
baign,0.0
bioethiqu,0.0
tuil,0.0
lif,0.0
craintifvisag,0.0
gro,0.0
retranch,0.0
patt,0.0
rum,0.0
visuel,0.0
statist,0.0
jointescoeur,0.0
jurisprudent,0.0
rim,0.0
procr,0.0
courtis,0.0
instruir,0.0
frustr,0.0
why,0.0
apte,0.0
mago,0.0
zen,0.0
instrumentalis,0.0
bz,0.0
caillou,0.0
jai,0.0
palp,0.0
feutr,0.0
passibl,0.0
ueco,0.0
hun,0.0
micycl,0.0
fuel,0.0
capit,0.0
certificat,0.0
secou,0.0
coquill,0.0
faison,0.0
rwandaskilling,0.0
autoritarism,0.0
dominion,0.0
dom,0.0
monstrueux,0.0
macronad,0.0
val,0.0
mississipp,0.0
pandorapaper,0.0
actor,0.0
ptdrrrr,0.0
rouman,0.0
possess,0.0
dalid,0.0
primordial,0.0
inocul,0.0
blackrock,0.0
waf,0.0
minus,0.0
imposit,0.0
oiseau,0.0
exag,0.0
tigr,0.0
taliban,0.0
inou,0.0
junt,0.0
avignon,0.0
marionnettist,0.0
motionnel,0.0
noman,0.0
pdlr,0.0
surg,0.0
obstruct,0.0
renouveau,0.0
mitism,0.0
queen,0.0
thi,0.0
zel,0.0
sortonsdutc,0.0
mainstream,0.0
illettr,0.0
malfais,0.0
suscit,0.0
dark,0.0
assang,0.0
louch,0.0
vacill,0.0
imbu,0.0
aisnesontpasdup,0.0
balist,0.0
lesfran,0.0
steint,0.0
christian,0.0
zizan,0.0
aur,0.0
ambi,0.0
ininterrompu,0.0
mam,0.0
wai,0.0
corrupteur,0.0
condescend,0.0
mettonsenmarchealarr,0.0
j,0.0
xd,0.0
flirt,0.0
legislativ,0.0
bordeau,0.0
subit,0.0
rwandaiskilingindrc,0.0
mantel,0.0
nr,0.0
nostalg,0.0
francevisag,0.0
boucher,0.0
penc,0.0
institutionnal,0.0
cdlt,0.0
gourvern,0.0
incur,0.0
tactil,0.0
tournur,0.0
craintif,0.0
fouet,0.0
font,0.0
augm,0.0
alabl,0.0
nigr,0.0
clairb,0.0
gress,0.0
clarif,0.0
dead,0.0
pourcentag,0.0
lectorat,0.0
aya,0.0
frr,0.0
inadapt,0.0
lub,0.0
curseur,0.0
nakamur,0.0
nouveaut,0.0
dessous,0.0
soucieux,0.0
hypoth,0.0
fass,0.0
autrefoi,0.0
victoireteint,0.0
ena,0.0
mdrrrrr,0.0
sensat,0.0
marbr,0.0
conis,0.0
tiroir,0.0
institutionnel,0.0
clairmain,0.0
platitud,0.0
tricheur,0.0
signatur,0.0
rhum,0.0
abstinent,0.0
gneu,0.0
rotchild,0.0
anomal,0.0
malveil,0.0
flash,0.0
harmon,0.0
ouiiii,0.0
recet,0.0
amm,0.0
pluriel,0.0
coquin,0.0
confusvisag,0.0
prq,0.0
kiff,0.0
circonst,0.0
fugi,0.0
blockchain,0.0
catomb,0.0
bann,0.0
factuel,0.0
pili,0.0
encadr,0.0
otanesqu,0.0
croixr,0.0
croixsuiv,0.0
ivm,0.0
amigo,0.0
azitro,0.0
mari,0.0
hcq,0.0
greni,0.0
vocabl,0.0
prescrir,0.0
croixretour,0.0
moult,0.0
croixfin,0.0
lesseringuearnm,0.0
croixmoratoir,0.0
fauteur,0.0
sornet,0.0
focal,0.0
terro,0.0
envo,0.0
crypto,0.0
woerth,0.0
inclin,0.0
ptdrrr,0.0
agis,0.0
transf,0.0
entier,0.0
fresqu,0.0
asphyxi,0.0
ballec,0.0
qr,0.0
truff,0.0
racial,0.0
ukrani,0.0
insouten,0.0
traducteur,0.0
surpass,0.0
slavi,0.0
demago,0.0
mondialop,0.0
peloton,0.0
ecras,0.0
rancuni,0.0
montrevisag,0.0
promen,0.0
convoqu,0.0
lac,0.0
saharien,0.0
corch,0.0
bancair,0.0
gouverneur,0.0
cion,0.0
poulain,0.0
tissu,0.0
pest,0.0
viton,0.0
jesus,0.0
clou,0.0
chissent,0.0
disloqu,0.0
pcc,0.0
pignouf,0.0
enjeux,0.0
xi,0.0
iem,0.0
borgneur,0.0
apocalypt,0.0
lumin,0.0
multipolair,0.0
recess,0.0
insuffis,0.0
eco,0.0
courbet,0.0
gerv,0.0
vulgar,0.0
hugo,0.0
remigr,0.0
martin,0.0
cutent,0.0
devis,0.0
grandremplac,0.0
soyon,0.0
barreau,0.0
criminalis,0.0
cult,0.0
dogmat,0.0
politician,0.0
inconcev,0.0
valor,0.0
riantdrapeau,0.0
juridict,0.0
redout,0.0
guillotin,0.0
trimestr,0.0
cieus,0.0
consanguin,0.0
irrespect,0.0
replant,0.0
jvous,0.0
day,0.0
flamby,0.0
soul,0.0
profess,0.0
assimil,0.0
say,0.0
estros,0.0
ath,0.0
discret,0.0
galo,0.0
statur,0.0
cocu,0.0
lisabeth,0.0
hyst,0.0
capitain,0.0
titill,0.0
franceinsoumis,0.0
grato,0.0
este,0.0
tex,0.0
quat,0.0
contract,0.0
talon,0.0
ferrand,0.0
tp,0.0
muet,0.0
macronnousprendpourdesc,0.0
foetus,0.0
ordrer,0.0
buch,0.0
vaccineinjur,0.0
hav,0.0
salarial,0.0
different,0.0
malmen,0.0
sme,0.0
anticonstitutionnel,0.0
sabotag,0.0
actu,0.0
lectrog,0.0
mitoyen,0.0
principaut,0.0
urgemment,0.0
engross,0.0
braill,0.0
planning,0.0
reconvers,0.0
fle,0.0
reli,0.0
harceleur,0.0
embrassad,0.0
caduc,0.0
effetssecondairesvaccin,0.0
exasp,0.0
cident,0.0
reich,0.0
wsh,0.0
putinwarcriminal,0.0
signatair,0.0
ralent,0.0
vem,0.0
imit,0.0
attract,0.0
dispens,0.0
sumon,0.0
daron,0.0
sangsu,0.0
york,0.0
remord,0.0
sescalad,0.0
proi,0.0
entit,0.0
mussolin,0.0
timid,0.0
lucid,0.0
navet,0.0
payent,0.0
raqu,0.0
couvertur,0.0
placard,0.0
largu,0.0
surendet,0.0
dific,0.0
gan,0.0
champagn,0.0
produisent,0.0
grat,0.0
cho,0.0
tang,0.0
ducoup,0.0
mouis,0.0
sweat,0.0
insurg,0.0
fuck,0.0
incess,0.0
haa,0.0
occupp,0.0
oooh,0.0
seuil,0.0
marchandis,0.0
interm,0.0
diair,0.0
employeur,0.0
collin,0.0
jad,0.0
raid,0.0
luxueux,0.0
circonstanc,0.0
jumeau,0.0
flanch,0.0
veau,0.0
hautvisag,0.0
meeting,0.0
ap,0.0
chist,0.0
ratric,0.0
francais,0.0
abstention,0.0
smartphon,0.0
inappropr,0.0
mov,0.0
reconstitu,0.0
europevisag,0.0
teub,0.0
glyphosat,0.0
retweet,0.0
wokist,0.0
sabon,0.0
toc,0.0
boudin,0.0
pasqu,0.0
chouet,0.0
exot,0.0
circonscript,0.0
elon,0.0
croch,0.0
autorout,0.0
ouvri,0.0
brigit,0.0
blanqu,0.0
miqu,0.0
rayonnag,0.0
baroqu,0.0
cuill,0.0
impr,0.0
with,0.0
far,0.0
conjugu,0.0
tainist,0.0
dron,0.0
blagounet,0.0
cumul,0.0
voy,0.0
pelous,0.0
millionnair,0.0
siqu,0.0
mercii,0.0
riantl,0.0
veulent,0.0
cipic,0.0
changent,0.0
moustiqu,0.0
novax,0.0
cv,0.0
poul,0.0
gloriol,0.0
omettr,0.0
koi,0.0
armoured,0.0
azof,0.0
entrav,0.0
labor,0.0
boost,0.0
portr,0.0
neuneu,0.0
degout,0.0
banquerout,0.0
environnemental,0.0
penson,0.0
decarbonis,0.0
intermin,0.0
sorceller,0.0
perdit,0.0
fusill,0.0
enclench,0.0
bonapart,0.0
arrest,0.0
feufeufeu,0.0
ordinair,0.0
palli,0.0
reconvert,0.0
cheur,0.0
baball,0.0
forag,0.0
aspect,0.0
gener,0.0
complair,0.0
implac,0.0
quitton,0.0
roport,0.0
morceau,0.0
aviat,0.0
jsuis,0.0
nombril,0.0
sympt,0.0
bai,0.0
xvi,0.0
primair,0.0
ject,0.0
cobalt,0.0
inapt,0.0
impot,0.0
mapping,0.0
bouffonner,0.0
cevoir,0.0
rengain,0.0
lueur,0.0
dt,0.0
daign,0.0
agrav,0.0
suffisanc,0.0
vasy,0.0
rideau,0.0
moratoir,0.0
cieux,0.0
pic,0.0
martial,0.0
canton,0.0
diateur,0.0
frer,0.0
reel,0.0
cacao,0.0
paltoquet,0.0
sci,0.0
verru,0.0
gai,0.0
xxi,0.0
rca,0.0
feign,0.0
responsabilis,0.0
csg,0.0
impostur,0.0
nagasak,0.0
hulot,0.0
couter,0.0
suivism,0.0
soulign,0.0
manich,0.0
verit,0.0
wagon,0.0
pingl,0.0
pillul,0.0
enl,0.0
mouloud,0.0
confianss,0.0
sultan,0.0
lumumb,0.0
extradit,0.0
circuit,0.0
narc,0.0
troupeau,0.0
miel,0.0
eston,0.0
abeil,0.0
renou,0.0
clochard,0.0
solennel,0.0
billgatesbioterrorist,0.0
sinvoltur,0.0
bein,0.0
eolien,0.0
tw,0.0
riss,0.0
rallong,0.0
missionnair,0.0
radioact,0.0
oust,0.0
groupuscul,0.0
flingu,0.0
influent,0.0
guin,0.0
ologiqu,0.0
empar,0.0
liorat,0.0
making,0.0
volet,0.0
petain,0.0
determin,0.0
dicac,0.0
nego,0.0
humm,0.0
mp,0.0
session,0.0
photovolt,0.0
bureal,0.0
documentair,0.0
couloir,0.0
passion,0.0
lion,0.0
rebois,0.0
meubl,0.0
detourn,0.0
fascis,0.0
pfu,0.0
photograph,0.0
gamel,0.0
sordid,0.0
quent,0.0
gid,0.0
cisionnel,0.0
servil,0.0
froc,0.0
instrument,0.0
truison,0.0
aver,0.0
intimid,0.0
ducateur,0.0
jm,0.0
remet,0.0
buzz,0.0
startup,0.0
yer,0.0
biolab,0.0
autrich,0.0
malsing,0.0
conclur,0.0
induir,0.0
tribuabl,0.0
sollicit,0.0
fectur,0.0
assouv,0.0
macronag,0.0
chevali,0.0
chu,0.0
incomb,0.0
gazag,0.0
alentour,0.0
indig,0.0
azot,0.0
levag,0.0
maitris,0.0
courri,0.0
enfou,0.0
titiv,0.0
carnet,0.0
vapor,0.0
ratif,0.0
rom,0.0
rain,0.0
rediscut,0.0
violon,0.0
gabeg,0.0
insect,0.0
mitterrand,0.0
psy,0.0
lon,0.0
olaf,0.0
passon,0.0
bachar,0.0
congratul,0.0
pdg,0.0
douill,0.0
apoth,0.0
prisonni,0.0
flipp,0.0
mensuel,0.0
descent,0.0
pharmaceut,0.0
naufrag,0.0
chercheur,0.0
bet,0.0
than,0.0
ogre,0.0
hat,0.0
philipp,0.0
ide,0.0
process,0.0
trogneux,0.0
auj,0.0
chapiteau,0.0
charru,0.0
clairvoi,0.0
cern,0.0
sactiv,0.0
bauch,0.0
occitan,0.0
etai,0.0
caniqu,0.0
arroseur,0.0
contrar,0.0
annihil,0.0
prestig,0.0
envisage,0.0
inond,0.0
redev,0.0
cartel,0.0
birman,0.0
abdiqu,0.0
coming,0.0
deplac,0.0
paradigm,0.0
stockholm,0.0
hussein,0.0
ambianc,0.0
rejou,0.0
intercept,0.0
assiet,0.0
fascin,0.0
versibl,0.0
prion,0.0
planifi,0.0
carrefour,0.0
ukrainian,0.0
afp,0.0
jeud,-3.3005865678110116
constructeur,0.0
perchoir,0.0
hanoun,0.0
medecin,0.0
secur,0.0
manip,0.0
mellil,0.0
protectorat,0.0
chelon,0.0
orthodox,0.0
merkel,0.0
nativ,0.0
mioch,0.0
inexist,0.0
arbitr,0.0
proportionnel,0.0
discord,0.0
arracheur,0.0
has,0.0
internaut,0.0
mdrrrr,0.0
trouduc,0.0
battus,0.0
terrestr,0.0
brer,0.0
poulet,0.0
sexual,0.0
voudr,0.0
dison,0.0
contrecarr,0.0
legal,0.0
chanson,0.0
marchon,0.0
crapaud,0.0
paty,0.0
recourt,0.0
nist,0.0
hyg,0.0
tab,0.0
negoci,0.0
assaut,0.0
confond,0.0
rard,0.0
aigu,0.0
immondic,0.0
rde,0.0
chiwaw,0.0
foireux,0.0
chausset,0.0
scen,0.0
pincet,0.0
videos,0.0
cic,0.0
let,0.0
europeanunion,0.0
boum,0.0
peac,0.0
gliss,0.0
brutal,0.0
hoc,0.0
manuvisag,0.0
taul,0.0
mantr,0.0
exil,0.0
requer,0.0
divert,0.0
uniform,0.0
dividend,0.0
darknet,0.0
prom,0.0
slavaukrain,0.0
ranger,0.0
directan,0.0
photographi,0.0
sceau,0.0
vat,0.0
gripp,0.0
inimagin,0.0
dissuad,0.0
standard,0.0
scholz,0.0
vulgair,0.0
uvisag,0.0
bal,0.0
dud,0.0
complotist,0.0
conjugalis,0.0
bamilek,0.0
niabl,0.0
finito,0.0
lucif,0.0
daub,0.0
droiteteint,0.0
tablebomb,0.0
tabliss,0.0
larmoi,0.0
coercit,0.0
miser,0.0
quation,0.0
fachos,0.0
rachat,0.0
kharkov,0.0
pann,0.0
goir,0.0
plusqu,0.0
miracul,0.0
vicieux,0.0
flag,0.0
macronon,0.0
marocain,0.0
zorro,0.0
derrier,0.0
premier,0.0
apparit,0.0
burn,0.0
iraq,0.0
critur,0.0
veng,0.0
valu,0.0
trip,0.0
pasvisag,0.0
solo,0.0
serveur,0.0
mil,0.0
bler,0.0
deuil,0.0
desescalad,0.0
gyn,0.0
cologu,0.0
isser,0.0
soudain,0.0
pensantj,0.0
giron,0.0
autist,0.0
aggress,0.0
escobar,0.0
obsol,0.0
enmemetemp,0.0
clairperson,0.0
gral,0.0
galien,0.0
mw,0.0
raz,0.0
soud,0.0
ravin,0.0
comed,0.0
lico,0.0
orang,0.0
menbr,0.0
impens,0.0
empech,0.0
kievien,0.0
faction,0.0
slip,0.0
prophet,0.0
tition,0.0
pablo,0.0
accusatoir,0.0
flor,0.0
dateur,0.0
continuit,0.0
cath,0.0
dral,0.0
balivern,0.0
naval,0.0
opter,0.0
detr,0.0
nde,0.0
hongrois,0.0
agenouill,0.0
vertig,0.0
grill,0.0
mir,0.0
mdrr,0.0
robust,0.0
expressionvisag,0.0
macronassassin,0.0
chagrin,0.0
informel,0.0
regroup,0.0
radicalis,0.0
echec,0.0
nobless,0.0
perlimpimpin,0.0
pandu,0.0
andouill,0.0
inten,0.0
printemp,0.0
royaumeun,0.0
by,0.0
chaum,0.0
diarrh,0.0
belliger,0.0
lego,0.0
flagel,0.0
pleutr,0.0
ambiti,0.0
modif,0.0
tdc,0.0
manolo,0.0
bourbi,0.0
apauvr,0.0
vacu,0.0
nullissim,0.0
frigo,0.0
musicalenot,0.0
sapeur,0.0
glig,0.0
coordon,0.0
diterran,0.0
suicident,0.0
community,0.0
decarbon,0.0
zelenskywarcriminal,0.0
pitrer,0.0
kramatorsk,0.0
ffnen,0.0
addition,0.0
coud,0.0
somption,0.0
ahhh,0.0
gris,0.0
odieu,0.0
innocenc,0.0
standwithukrain,0.0
jacqu,0.0
biensur,0.0
enfait,0.0
societal,0.0
gradat,0.0
riau,0.0
arro,0.0
compuls,0.0
repouss,0.0
pd,0.0
occurrent,0.0
talking,0.0
finitiv,0.0
cantin,0.0
cuit,0.0
minimal,0.0
clop,0.0
im,0.0
ukrainerussianwar,0.0
branquignol,0.0
conteneur,0.0
petersbourg,0.0
balt,0.0
satur,0.0
parpill,0.0
bellicism,0.0
republ,0.0
spiral,0.0
etouff,0.0
sor,0.0
entub,0.0
vendu,0.0
meuf,0.0
gri,0.0
foir,0.0
torpill,0.0
vierg,0.0
contraign,0.0
chouer,0.0
litist,0.0
engrang,0.0
fut,0.0
fautif,0.0
incrust,0.0
idol,0.0
